pincode,officeName,district,state,storedLat,storedLon,kmFromRegion,regionPrefix,severity
486884,"Nigahi Project S.O","SINGRAULI","MADHYA PRADESH",23.9984,82.6993,14419,48688*,CRITICAL
486885,"Vindhyanagar S.O","SINGRAULI","MADHYA PRADESH",24.0915556,82.6498611,14408,48688*,CRITICAL
486883,"SARAI","SIDHI","MADHYA PRADESH",24.046711,82.209411,14403,48688*,CRITICAL
486887,"Amlori Project S.O","SINGRAULI","MADHYA PRADESH",24.1595556,82.4900278,14397,48688*,CRITICAL
486882,"Chitrangi S.O","SINGRAULI","MADHYA PRADESH",24.470232,82.535303,14364,48688*,CRITICAL
733139,"Fulbari S.O","NA","NA",25.3644441,88.603976,14361,73313*,CRITICAL
486881,"Jiawan S.O","SINGRAULI","MADHYA PRADESH",24.4047222,81.8783333,14357,48688*,CRITICAL
246142,"Kalagarh SO","PAURI GARHWAL","UTTARAKHAND",29.4907778,78.7643333,10930,24614*,CRITICAL
450119,"Narmada Nagar S.O (East Nimar)","EAST NIMAR","MADHYA PRADESH",21.8229167,76.3519444,10406,45011*,CRITICAL
575025,"Srinivasnagar S.O","DAKSHINA KANNADA","KARNATAKA",13.0088333,74.7932778,9804,57502*,CRITICAL
575020,"Ullal S.O","DAKSHINA KANNADA","KARNATAKA",12.8203889,74.84175,9785,57502*,CRITICAL
577451,"KVV Shankaraghattta S.O","SHIVAMOGGA","KARNATAKA",13.7358889,75.6323889,9618,57745*,CRITICAL
577009,"Lokikere S.O","DAVANGERE","KARNATAKA",0,0,8247,57700*,CRITICAL
462116,"Nodal Delivery Centre Shahpura Bhopal","NA","NA",23.2010622,77.4252362,8174,4621*,CRITICAL
389135,"Singvad SO","DOHAD","GUJARAT",0,0,7868,38913*,CRITICAL
815117,"Surajdih B.O","PAKUR","JHARKHAND",24.25987,87.36958,7860,815*,CRITICAL
182207,"GANDOH SO","DODA","JAMMU AND KASHMIR",33.1352657,75.5174733,7476,18220*,CRITICAL
182206,"Dul Hasti Project SO","KISHTWAR","JAMMU AND KASHMIR",33.1844,75.4639,7472,18220*,CRITICAL
535558,"Bobbili H.O","VIZIANAGARAM","ANDHRA PRADESH",18.5744722,83.3570278,7229,53555*,CRITICAL
497555,"Godripara SO","KOREA","CHHATTISGARH",23.170373,82.359938,7202,497*,CRITICAL
497553,"Kurasia Colly SO","KOREA","CHHATTISGARH",23.170115,82.369097,7202,497*,CRITICAL
497557,"Sonawani Colly SO","KOREA","CHHATTISGARH",23.189453,82.383141,7200,497*,CRITICAL
182129,"Bhart BO","DODA","JAMMU AND KASHMIR",33.305413,75.061222,7063,18212*,CRITICAL
762030,"Baghiabahal S.O","BOUDH","ODISHA",82.566686,82.566686,6858,7620*,CRITICAL
182140,"Kaban BO","KISHTWAR","JAMMU AND KASHMIR",33.305413,75.061222,6825,18214*,CRITICAL
385581,"LAKHANI S.O","BANAS KANTHA","GUJARAT",24.311674,71.822033,6786,3855*,CRITICAL
781020,"Noonmati S.O","KAMRUP METRO","ASSAM",91.4810429,26.1058359,6725,78102*,CRITICAL
535569,"Pakki SO","VIZIANAGARAM","ANDHRA PRADESH",18.5979,83.4804,6612,5355*,CRITICAL
403701,"Assolna S.O","SOUTH GOA","GOA",15.1805381,73.9711474,6011,40370*,CRITICAL
403501,"Porvorim S.O","NORTH GOA","GOA",15.5462476,73.8233046,5989,40350*,CRITICAL
201022,"Bhojpur SO","HAPUR","UTTAR PRADESH",77.37410016,28.47342492,5871,2010*,CRITICAL
403409,"Betora I.E. S.O","SOUTH GOA","GOA",15.386036,74.0312696,5459,40340*,CRITICAL
403402,"Velha goa S.O","NORTH GOA","GOA",15.5016444,73.9133377,5442,40340*,CRITICAL
403403,"Piedade S.O","NORTH GOA","GOA",15.527641,73.904069,5439,40340*,CRITICAL
176060,"Darang SO","KANGRA","HIMACHAL PRADESH",76.321,31.8662,5240,17606*,CRITICAL
500931,"NDC Ibrahim Bagh Lines","NA","NA",78.66083333,17.5355,5201,5009*,CRITICAL
500984,"NDC Kothaguda","NA","NA",78.5118889,17.4739167,5191,5009*,CRITICAL
500934,"NDC Banjarahills","NA","NA",78.43588889,17.41722222,5187,5009*,CRITICAL
500918,"NDC Sanathnagar","NA","NA",78.44747222,17.45655556,5187,5009*,CRITICAL
500989,"NDC Chitrapuri Colony","NA","NA",78.3705889,17.4156429,5182,5009*,CRITICAL
182104,"PTC Udhampur SO","UDHAMPUR","JAMMU AND KASHMIR",32.9095278,75.1062222,5181,18210*,CRITICAL
403731,"Cavelossim S.O","SOUTH GOA","GOA",15.18612012,73.94713971,5004,4037*,CRITICAL
403602,"Fatorda S.O","SOUTH GOA","GOA",15.2923922,73.966067,4783,403*,CRITICAL
403204,"St. Lourence S.O","NORTH GOA","GOA",15.4263216,73.8990009,4766,403*,CRITICAL
403203,"Pilar S.O (North Goa)","NORTH GOA","GOA",15.4421021,73.893379,4765,403*,CRITICAL
403202,"Bambolim Complex S.O","NORTH GOA","GOA",15.4645534,73.8587148,4761,403*,CRITICAL
403201,"Bambolim Camp S.O","NORTH GOA","GOA",15.47306601,73.87022101,4760,403*,CRITICAL
403206,"Goa University S.O","NORTH GOA","GOA",15.4594471,73.8124613,4758,403*,CRITICAL
403106,"Sant Estevam S.O","NORTH GOA","GOA",15.5338611,73.9510833,4422,40310*,CRITICAL
403102,"Chorao S.O","NORTH GOA","GOA",15.5531117,73.8892767,4416,40310*,CRITICAL
403109,"N B Verem S.O","NORTH GOA","GOA",15.5018552,73.8047164,4416,40310*,CRITICAL
403715,"Chinchinim S.O","SOUTH GOA","GOA",15.209997,73.97772,3881,40371*,CRITICAL
403717,"Carmona S.O","SOUTH GOA","GOA",15.2063333,73.9508056,3880,40371*,CRITICAL
403716,"Benaulim S.O","SOUTH GOA","GOA",15.27470134,73.9575601,3874,40371*,CRITICAL
403719,"Sem rachol  Soso S.O","SOUTH GOA","GOA",15.3049283,74.0014617,3874,40371*,CRITICAL
403712,"Cansaulim S.O","SOUTH GOA","GOA",15.3447024,73.8985128,3864,40371*,CRITICAL
403711,"Chicalim S.O","SOUTH GOA","GOA",15.39811521,73.84914371,3856,40371*,CRITICAL
191132,"Rangreth SO","Budgam","JAMMU AND KASHMIR",34.0045833,74.7947778,3330,19113*,CRITICAL
403529,"Bicholim Industrial Estate S.O","NORTH GOA","GOA",15.5825117,73.954443,2880,40352*,CRITICAL
403525,"Goa High Court S.O","NORTH GOA","GOA",15.5081,73.8343,2879,40352*,CRITICAL
403522,"NDC Goa at Alto Porvorim","NA","NA",15.529082,73.827078,2877,40352*,CRITICAL
403526,"Tivim Ie S.O","NORTH GOA","GOA",15.6138764,73.823873,2869,40352*,CRITICAL
403725,"Dramapur S.O","SOUTH GOA","GOA",15.23823014,73.9814002,2820,40372*,CRITICAL
403724,"Orlim S.O","SOUTH GOA","GOA",15.2242319,73.9480591,2819,40372*,CRITICAL
403729,"Navelim Camp S.O","SOUTH GOA","GOA",15.2567908,73.9846528,2818,40372*,CRITICAL
403721,"Varca S.O","SOUTH GOA","GOA",15.2316925,73.9429611,2818,40372*,CRITICAL
403720,"Raia S.O","SOUTH GOA","GOA",15.31410971,73.9857194,2813,40372*,CRITICAL
403722,"Verna S.O","SOUTH GOA","GOA",15.3496014,73.9311858,2806,40372*,CRITICAL
403726,"Zuarinagar S.O","SOUTH GOA","GOA",15.3816529,73.8783786,2800,40372*,CRITICAL
500970,"NDC Vanasthalipuram","NA","NA",17.336,78.569,2683,5009*,CRITICAL
500958,"NDC Kanchanbagh","NA","NA",17.335,78.501,2679,5009*,CRITICAL
500939,"NDC Uppal","NA","NA",17.402,78.561,2677,5009*,CRITICAL
500930,"NDC Rajendranagar","NA","NA",17.324,78.4,2673,5009*,CRITICAL
500927,"NDC Barkatpura","NA","NA",17.395,78.494,2673,5009*,CRITICAL
500901,"NDC HYDERABAD GPO","NA","NA",17.38788,78.47661,2672,5009*,CRITICAL
500962,"NDC ECIL","NA","NA",17.465763,78.570671,2672,5009*,CRITICAL
500920,"NDC Padmaraonagar","NA","NA",17.4227027,78.5056033,2671,5009*,CRITICAL
500903,"NDC Secunderabad","NA","NA",17.441183,78.495368,2669,5009*,CRITICAL
500915,"NDC Trimulgherry","NA","NA",17.478341,78.51469,2667,5009*,CRITICAL
500955,"NDC IDA Jeedimetla","NA","NA",17.520803,78.4444832,2659,5009*,CRITICAL
500972,"NDC Kukatpally","NA","NA",17.4924462,78.3966143,2658,5009*,CRITICAL
132035,"Padha SO","NA","NA",29.57512,76.77929,2564,13203*,CRITICAL
798617,"Pungro","KOHIMA","NAGALAND",12.16680556,77.10655556,2375,79861*,CRITICAL
193403,"Gulmarg SO","BARAMULLA","JAMMU AND KASHMIR",34.031827,74.235936,2068,19340*,CRITICAL
813214,"STP Kahalgaon SO","BHAGALPUR","BIHAR",25.2496944,86.9869722,1991,81321*,CRITICAL
518345,"Mantralaya S.O (Kurnool)","KURNOOL","ANDHRA PRADESH",15.922494,77.446402,1915,51834*,CRITICAL
518349,"Tungabhadra S.O","KURNOOL","ANDHRA PRADESH",15.949146,77.30056,1900,51834*,CRITICAL
518347,"Aspari S.O","KURNOOL","ANDHRA PRADESH",15.47658333,77.38902778,1900,51834*,CRITICAL
518344,"Kavuthalam S.O","KURNOOL","ANDHRA PRADESH",15.77363889,77.13769444,1879,51834*,CRITICAL
518348,"Halaharvi S.O","KURNOOL","ANDHRA PRADESH",15.33172222,77.15683333,1873,51834*,CRITICAL
518346,"Holalagondi S.O","KURNOOL","ANDHRA PRADESH",15.48797222,77.04841667,1865,51834*,CRITICAL
585417,"Kamalnagar S.O","BIDAR","KARNATAKA",24.11,91.49,1520,58541*,CRITICAL
518390,"Tuggali S.O","KURNOOL","ANDHRA PRADESH",15.31347222,77.54488889,1486,5183*,CRITICAL
518350,"Kadivella S.O","KURNOOL","ANDHRA PRADESH",15.68769444,77.48525,1486,5183*,CRITICAL
518380,"Pattikonda S.O","KURNOOL","ANDHRA PRADESH",15.39302778,77.50408333,1483,5183*,CRITICAL
518385,"Maddikera S.O","KURNOOL","ANDHRA PRADESH",15.24813889,77.41677778,1471,5183*,CRITICAL
518323,"Peddakadubur S.O","KURNOOL","ANDHRA PRADESH",15.74280556,77.30275,1468,5183*,CRITICAL
518302,"Adoni Arts College S.O","KURNOOL","ANDHRA PRADESH",15.630225,77.294307,1465,5183*,CRITICAL
518396,"Nemakallu S.O","KURNOOL","ANDHRA PRADESH",15.28313889,77.28791667,1458,5183*,CRITICAL
518395,"Alur S.O (Kurnool)","KURNOOL","ANDHRA PRADESH",15.398444,77.224715,1453,5183*,CRITICAL
518333,"Halvi S.O","KURNOOL","ANDHRA PRADESH",15.88733333,77.11955556,1452,5183*,CRITICAL
518308,"Ingaladahal S.O","KURNOOL","ANDHRA PRADESH",15.59269444,77.14452778,1449,5183*,CRITICAL
382501,"Shantigram S.O","GANDHINAGAR","GUJARAT",23.163873,72.5395307,1284,382*,CRITICAL
503322,"Telangana University S.O","NIZAMABAD","TELANGANA",18.615311,78.210349,1190,50332*,CRITICAL
825323,"Barkatha SO","HAZARIBAGH","JHARKHAND",23.996,85.371017,1156,82532*,CRITICAL
825326,"Tapin SO","RAMGARH","JHARKHAND",23.8486516,85.46592,1147,82532*,CRITICAL
825325,"Kedla SO","RAMGARH","JHARKHAND",23.785328,85.590793,1135,82532*,CRITICAL
811104,"Sarmera S.O.","NALANDA","BIHAR",25.257734,85.799799,1087,81110*,CRITICAL
825329,"Shikherjee SO","GIRIDIH","JHARKHAND",23.9295284,86.1548269,1077,82532*,CRITICAL
122010,"DLF PhIII SO","GURUGRAM","HARYANA",28.466093,77.1058349,1040,12201*,CRITICAL
122016,"Industrial Complex Dundahera SO","GURUGRAM","HARYANA",28.4965833,77.0852778,1039,12201*,CRITICAL
122015,"Palam Road SO","GURUGRAM","HARYANA",28.4973611,77.0630556,1037,12201*,CRITICAL
122017,"Palam Vihar SO Gurgaon","GURUGRAM","HARYANA",28.462,77.0316389,1033,12201*,CRITICAL
122011,"Gurgaon Sector 56 SO","GURUGRAM","HARYANA",28.462,77.0316389,1033,12201*,CRITICAL
190014,"Hyderpora SO","Budgam","JAMMU AND KASHMIR",34.0376694,74.7871666,1030,19001*,CRITICAL
521125,"Mopidevi S.O","KRISHNA","ANDHRA PRADESH",16.06697222,70.92572222,1029,5211*,CRITICAL
122012,"Vatika India Sec 82 SO","GURUGRAM","HARYANA",28.413887,76.9931945,1028,12201*,CRITICAL
190012,"Zainakote SO","SRINAGAR","JAMMU AND KASHMIR",34.1009722,74.7345556,1024,19001*,CRITICAL
275201,"Bahadurganj","GHAZIPUR","UTTAR PRADESH",25.5765,83.5731944,986,275*,CRITICAL
824126,"Pothu S.O","AURANGABAD","BIHAR",24.85956,84.50646,976,82412*,CRITICAL
275202,"Dullahpur SO","GHAZIPUR","UTTAR PRADESH",25.8018889,83.4235,971,275*,CRITICAL
275205,"Shadiabad SO","GHAZIPUR","UTTAR PRADESH",25.6750556,83.3775,966,275*,CRITICAL
275203,"Jakhania SO","GHAZIPUR","UTTAR PRADESH",25.74175,83.3714444,965,275*,CRITICAL
275204,"Sadat SO","GHAZIPUR","UTTAR PRADESH",25.67322222,83.30341667,959,275*,CRITICAL
846010,"ROHAR S.O","DARBHANGA","BIHAR",15.5934,86.2366,955,8460*,CRITICAL
403806,"Bogmalo S.O","SOUTH GOA","GOA",15.3704088,73.8374243,895,40380*,CRITICAL
824304,"NPGCL Aditi Nagar S.O","AURANGABAD","BIHAR",25.5689,84.09579,893,82430*,CRITICAL
403804,"Sada S.O","SOUTH GOA","GOA",15.4083307,73.7887679,888,40380*,CRITICAL
403803,"Mormugao S.O","SOUTH GOA","GOA",15.4126389,73.7903889,888,40380*,CRITICAL
712204,"Chatra SO Hooghly","HOOGHLY","WEST BENGAL",22.88825,88.40225,864,71220*,CRITICAL
711110,"Baksara SO","HOWRAH","WEST BENGAL",26.1413,80.0275,820,71111*,CRITICAL
403005,"Santa Cruz S.O","NORTH GOA","GOA",15.4817056,73.8432143,805,40300*,CRITICAL
403002,"Caranzalem S.O","NORTH GOA","GOA",15.4707265,73.8269809,804,40300*,CRITICAL
413303,"Ashti S.O (Solapur)","SOLAPUR","MAHARASHTRA",17.84343,75.40899,717,41330*,CRITICAL
246737,"Rahu Nagli SO","BIJNOR","UTTAR PRADESH",29.3735278,78.1348056,669,24673*,CRITICAL
585107,"Kalaburagi HCB S.O","KALABURAGI","KARNATAKA",17.6781111,83.1925161,660,58510*,CRITICAL
425501,"Thorgavan S.O","JALGAON","MAHARASHTRA",21.1104251,75.8783358,622,42550*,CRITICAL
521369,"Munjuluru S.O","KRISHNA","ANDHRA PRADESH",16.31102778,81.215,618,5213*,CRITICAL
425502,"Savda S.O","JALGAON","MAHARASHTRA",21.14908,75.886683,618,42550*,CRITICAL
425503,"Faizpur S.O","JALGAON","MAHARASHTRA",21.166074,75.862839,616,42550*,CRITICAL
425506,"Nimbhora S.O","JALGAON","MAHARASHTRA",21.167084,75.962007,616,42550*,CRITICAL
425507,"Khirdi S.O","JALGAON","MAHARASHTRA",21.162419,75.993619,616,42550*,CRITICAL
425505,"Chinawal S.O","JALGAON","MAHARASHTRA",21.196704,75.92542,612,42550*,CRITICAL
521356,"Gudlavalleru S.O","KRISHNA","ANDHRA PRADESH",16.3455,81.05191667,612,5213*,CRITICAL
425504,"Khiroda S.O","JALGAON","MAHARASHTRA",21.2068536,75.8813148,611,42550*,CRITICAL
781022,"Khanapara S.O","KAMRUP METRO","ASSAM",26.1212778,91.8217778,611,78102*,CRITICAL
781028,"Beltola S.O","KAMRUP METRO","ASSAM",26.1178333,91.7969722,610,78102*,CRITICAL
273017,"Siddharth Enclave SO","GORAKHPUR","UTTAR PRADESH",26.7276944,83.3853889,606,27301*,CRITICAL
781021,"Bamunimaidan S.O","KAMRUP METRO","ASSAM",26.1838611,91.7868611,604,78102*,CRITICAL
273011,"NDC GORAKHPUR","NA","NA",26.79,83.38229,599,27301*,CRITICAL
781023,"Amerigog S.O","KAMRUP METRO","ASSAM",26.0802,91.5596,598,78102*,CRITICAL
627603,"Vadakku Ariyanayagipuram Petta SO","TIRUNELVELI","TAMIL NADU",8.7193983,77.5455383,593,62760*,CRITICAL
233234,"Sherpur Kalan SO","GHAZIPUR","UTTAR PRADESH",27.2046,77.4977,593,2332*,CRITICAL
800024,"Keshari Nagar S.O","PATNA","BIHAR",20.27097,85.826866,581,80002*,CRITICAL
191102,"Wuyan SO","PULWAMA","JAMMU AND KASHMIR",34.0263611,74.96675,570,19110*,CRITICAL
413007,"Solapur City S.O","SOLAPUR","MAHARASHTRA",17.67803,75.90349,568,41300*,CRITICAL
391776,"Manjusar GIDC","VADODARA","GUJARAT",22.445154,73.19986,523,39177*,CRITICAL
734425,"Bidhannagar SO","DARJEELING","WEST BENGAL",26.7084,88.4269,522,73442*,CRITICAL
230130,"Laxmanpur SO","PRATAPGARH","UTTAR PRADESH",26.241304,84.071794,514,23013*,CRITICAL
585444,"Nittur S.O","BIDAR","KARNATAKA",13.32188889,76.86052778,514,5854*,CRITICAL
391750,"Fartilizer Nagar SO","VADODARA","GUJARAT",22.3754722,73.1570833,513,3917*,CRITICAL
734421,"Bagdogra Air Port SO","DARJEELING","WEST BENGAL",26.683523,88.325847,513,73442*,CRITICAL
734424,"Bendubi SO","DARJEELING","WEST BENGAL",26.7344444,88.2983333,510,73442*,CRITICAL
503224,"Armoor H.O","NIZAMABAD","TELANGANA",18.792356,78.280035,509,50322*,CRITICAL
744302,"Campbelbay S.O","NICOBARS","ANDAMAN AND NICOBAR ISLANDS",7.006427,93.93311,499,744*,CRITICAL
506167,"Jangaon H.O","JANGOAN","TELANGANA",17.7244167,79.1523611,467,50616*,CRITICAL
481102,"Bharveli S.O","BALAGHAT","MADHYA PRADESH",21.4911,80.5829,460,481*,CRITICAL
481224,"Karanja S.O (Balaghat)","BALAGHAT","MADHYA PRADESH",21.40234,80.43514,458,481*,CRITICAL
481222,"Lanji S.O","BALAGHAT","MADHYA PRADESH",21.5059,80.5481,456,481*,CRITICAL
387105,"Haldharvas S.O","KHEDA","GUJARAT",22.937797,72.866721,452,3871*,CRITICAL
506164,"Parkal H.O","WARANGAL","TELANGANA",18.1981929,79.7017406,450,50616*,CRITICAL
509215,"Palem S.O","NAGARKURNOOL","TELANGANA",16.4041389,77.9417222,446,50921*,CRITICAL
793103,"Umiam S.O","RI BHOI","MEGHALAYA",26.4601,96.2321,445,79310*,CRITICAL
132022,"Kunjpura S.O","KARNAL","HARYANA",29.7176111,77.0783056,444,13202*,CRITICAL
625525,"Periyar Project S.O","THENI","TAMIL NADU",13.058412,80.215733,442,62552*,CRITICAL
481115,"Kirnapur S.O","BALAGHAT","MADHYA PRADESH",21.6267,80.33105,432,481*,CRITICAL
492008,"WRSColony SO","RAIPUR","CHHATTISGARH",21.2766389,81.6402778,431,49200*,CRITICAL
492003,"Urla SO","RAIPUR","CHHATTISGARH",21.30833,81.61776,430,49200*,CRITICAL
391345,"Petrochemical  T Ship SO","VADODARA","GUJARAT",22.3524722,73.14025,430,3913*,CRITICAL
492005,"Vidhan Sabha SO Raipur","RAIPUR","CHHATTISGARH",21.2433611,81.6360556,430,49200*,CRITICAL
481051,"Birsa S.O","BALAGHAT","MADHYA PRADESH",22.0253,80.7504,428,481*,CRITICAL
391320,"Jawahar Nagar SO Vadodara","VADODARA","GUJARAT",22.3035833,73.1976944,425,3913*,CRITICAL
679531,"Cheruthuruthy SO","THRISSUR","KERALA",10.743274,76.280446,422,67953*,CRITICAL
481335,"Rampaily S.O","BALAGHAT","MADHYA PRADESH",21.638729,80.180077,421,481*,CRITICAL
481226,"Hatta S.O (Balaghat)","BALAGHAT","MADHYA PRADESH",21.72303,80.27384,420,481*,CRITICAL
509217,"Shahabad S.O","RANGA REDDY","TELANGANA",17.4739167,78.5118889,418,50921*,CRITICAL
509216,"Shadnagar S.O","RANGA REDDY","TELANGANA",17.0686389,78.2079722,417,50921*,CRITICAL
679532,"Desamangalam SO","THRISSUR","KERALA",10.755082,76.23047,416,67953*,CRITICAL
481337,"Khairlanji S.O","BALAGHAT","MADHYA PRADESH",21.52616,79.90131,415,481*,CRITICAL
481332,"Budbuda S.O","BALAGHAT","MADHYA PRADESH",21.78,80.25,413,481*,CRITICAL
492002,"Mantralaya Raipur SO","RAIPUR","CHHATTISGARH",21.093112,81.475138,409,49200*,CRITICAL
481111,"Baihar S.O","BALAGHAT","MADHYA PRADESH",22.1038056,80.5485833,407,481*,CRITICAL
481117,"Garhi S.O (Balaghat)","BALAGHAT","MADHYA PRADESH",21.8114,80.1995,407,481*,CRITICAL
481105,"Ukwa S.O","BALAGHAT","MADHYA PRADESH",21.8128,80.1838,406,481*,CRITICAL
481001,"Balaghat H.O","BALAGHAT","MADHYA PRADESH",21.812876,80.18383,406,481*,CRITICAL
453555,"Shri Aurobindo S.O","INDORE","MADHYA PRADESH",22.7078056,75.8791667,405,45355*,CRITICAL
453556,"IIM CAMPUS RAO S.O","INDORE","MADHYA PRADESH",22.7078056,75.8791667,405,45355*,CRITICAL
481331,"Waraseoni S.O","BALAGHAT","MADHYA PRADESH",21.7620833,80.0564167,402,481*,CRITICAL
518674,"Gospadu S.O","Nandyal","ANDHRA PRADESH",15.3565833,78.4169167,396,518*,CRITICAL
825336,"Charhi SO","HAZARIBAGH","JHARKHAND",23.853605,85.440856,394,8253*,CRITICAL
481449,"Tirodi S.O","BALAGHAT","MADHYA PRADESH",21.6463,79.6693,391,481*,CRITICAL
788803,"Badarpurghat S.O","KARIMGANJ","ASSAM",24.87,92.53,390,78880*,CRITICAL
481116,"Malanjkhand S.O","BALAGHAT","MADHYA PRADESH",22.5000278,80.7114444,390,481*,CRITICAL
190004,"Batwara SO","SRINAGAR","JAMMU AND KASHMIR",34.0639722,74.8484166,388,19000*,CRITICAL
481441,"Lalbarra S.O","BALAGHAT","MADHYA PRADESH",21.9366111,80.0496389,387,481*,CRITICAL
481445,"Katangi S.O (Balaghat)","BALAGHAT","MADHYA PRADESH",21.7725,79.8039,387,481*,CRITICAL
484120,"S.K. Nagar S.O","ANUPPUR","MADHYA PRADESH",24.577,77.7318,385,4841*,CRITICAL
190005,"Sanat Nagar SO","SRINAGAR","JAMMU AND KASHMIR",34.0343333,74.8004722,382,19000*,CRITICAL
190007,"Sk Airport SO","Budgam","JAMMU AND KASHMIR",33.9998889,74.7688889,379,19000*,CRITICAL
744304,"Kapanga S.O","NICOBARS","ANDAMAN AND NICOBAR ISLANDS",8.000927,93.374073,379,744*,CRITICAL
481551,"Lamta S.O","BALAGHAT","MADHYA PRADESH",22.1134,80.1357,377,481*,CRITICAL
744303,"Nancowrie S.O","NICOBARS","ANDAMAN AND NICOBAR ISLANDS",8.096867,93.517562,371,744*,CRITICAL
400035,"Rajbhavan S.O (Mumbai)","MUMBAI","MAHARASHTRA",18.9434653,72.7943262,369,40003*,CRITICAL
453446,"Rasalpura S.O","INDORE","MADHYA PRADESH",22.34,75.47,367,45344*,CRITICAL
585419,"Matala S.O","BIDAR","KARNATAKA",15.28591667,76.64408333,361,58541*,CRITICAL
303315,"Bewai SO","DAUSA","RAJASTHAN",27.1455,76.5103889,361,30331*,CRITICAL
825101,"Chittarpur SO","RAMGARH","JHARKHAND",26.57335,85.655047,354,82510*,CRITICAL
481556,"Paraswada S.O","BALAGHAT","MADHYA PRADESH",22.5755,80.2139,346,481*,CRITICAL
190021,"Humhama SO","Budgam","JAMMU AND KASHMIR",34.0213056,74.7696944,345,1900*,CRITICAL
190023,"Lal Bazar SO","SRINAGAR","JAMMU AND KASHMIR",34.061257,74.817321,343,1900*,CRITICAL
190099,"Nodal Delivery Center Srinagar","SRINAGAR","JAMMU AND KASHMIR",34.071643,74.823587,342,1900*,CRITICAL
184101,"Kathua HO","KATHUA","JAMMU AND KASHMIR",32.3673333,75.5223333,342,18410*,CRITICAL
678051,"PALAKKAD NDC","PALAKKAD","KERALA",8.557342,76.881015,341,6780*,CRITICAL
190025,"Skuast SO","SRINAGAR","JAMMU AND KASHMIR",34.1425901,74.8607518,337,1900*,CRITICAL
583286,"Siddapura SO","KOPPAL","KARNATAKA",12.96935,77.73555,334,58328*,CRITICAL
190024,"Zakoora","SRINAGAR","JAMMU AND KASHMIR",34.1642778,74.8303611,333,1900*,CRITICAL
190020,"Buchpora SO","SRINAGAR","JAMMU AND KASHMIR",34.1529167,74.8017222,333,1900*,CRITICAL
244103,"Majhola SO Moradabad","MORADABAD","UTTAR PRADESH",29.0439722,78.7511944,332,24410*,CRITICAL
486666,"Majauli S.O","SIDHI","MADHYA PRADESH",22.9734,78.6568,330,48666*,CRITICAL
581315,"Aminalli S.O","UTTARA KANNADA","KARNATAKA",12.6155,74.8345,329,58131*,CRITICAL
160071,"Chandigarh Sector 71 SO","S.A.S Nagar","PUNJAB",30.9666111,73.53025,320,1600*,CRITICAL
800021,"Vidyut Parisad SO","PATNA","BIHAR",25.439612,81.862055,313,80002*,CRITICAL
457775,"Raipuria S.O","JHABUA","MADHYA PRADESH",22.751,77.78096,313,45777*,CRITICAL
176064,"Paraur SO","KANGRA","HIMACHAL PRADESH",31.0816111,76.4619444,303,17606*,CRITICAL
480884,"Chhapara S.O","SEONI","MADHYA PRADESH",24.933,77.85,303,480*,CRITICAL
533216,"Mummidivaram S.O","Konaseema","ANDHRA PRADESH",13.64086111,82.10094444,293,53321*,CRITICAL
466445,"Budhni T.N. S.O","SEHORE","MADHYA PRADESH",22.7755408,77.6808018,292,46644*,CRITICAL
212110,"Nari Bari S.O","PRAYAGRAJ","UTTAR PRADESH",28.077808,81.73736,286,2121*,CRITICAL
682559,"Minicoy S.O","LAKSHADWEEP DISTRICT","LAKSHADWEEP",8.274767,73.049009,281,68255*,CRITICAL
686630,"Thellakom SO","KOTTAYAM","KERALA",9.646231,76.548739,280,68663*,CRITICAL
686637,"Peroor SO","KOTTAYAM","KERALA",9.644384,76.565606,280,68663*,CRITICAL
799141,"Jolaibari S.O","South Tripura","TRIPURA",21.2319,92.1141,278,7991*,CRITICAL
612906,"Melanikuzhi SO","KOZHIKODE","KERALA",11.24,79.46,271,61290*,CRITICAL
335061,"Ridmalsar S.O","GANGANAGAR","RAJASTHAN",28.0414444,72.4264167,270,33506*,CRITICAL
401302,"Arnala S.O","PALGHAR","MAHARASHTRA",19.4601389,72.7508611,270,40130*,CRITICAL
741401,"Dignagar SO","NADIA","WEST BENGAL",23.2527777,88.4330555,265,74140*,CRITICAL
229120,"Rail Coach Factory LalganjRaebareli SO","RAE BARELI","UTTAR PRADESH",26.234946,81.241008,264,22912*,CRITICAL
832103,"Moubhandar SO","EAST SINGHBUM","JHARKHAND",22.59782,86.45983,264,83210*,CRITICAL
581337,"Idgundi S.O","UTTARA KANNADA","KARNATAKA",12.6155,74.8345,259,58133*,CRITICAL
581331,"Heggarni S.O","UTTARA KANNADA","KARNATAKA",12.6155,74.8345,259,58133*,CRITICAL
387411,"Kheda HO","KHEDA","GUJARAT",22.7525,72.6844722,256,3874*,CRITICAL
585227,"Mannakhelli S.O","BIDAR","KARNATAKA",17.9116389,77.5193611,256,58522*,CRITICAL
631006,"Ins Rajali SO","Ranipet","TAMIL NADU",13.14127,79.7168,254,63100*,CRITICAL
176002,"Tanda SO","KANGRA","HIMACHAL PRADESH",32.100477,76.307544,254,17600*,CRITICAL
384160,"Unava SO","MAHESANA","GUJARAT",23.758101,72.357849,252,3841*,CRITICAL
585226,"Kamthana S.O","BIDAR","KARNATAKA",17.86513889,77.45686111,252,58522*,CRITICAL
577008,"NITTUVALLI  B CLASS SO","DAVANGERE","KARNATAKA",14.455986,75.931808,251,57700*,CRITICAL
581411,"Tibetan Colony S.O","UTTARA KANNADA","KARNATAKA",15.42,75.63,250,5814*,CRITICAL
581450,"Neggu S.O","UTTARA KANNADA","KARNATAKA",12.6155,74.8345,249,5814*,CRITICAL
581453,"Ramnagar S.O (Uttara Kannada)","UTTARA KANNADA","KARNATAKA",12.6155,74.8345,249,5814*,CRITICAL
581412,"Kirwatti S.O","UTTARA KANNADA","KARNATAKA",12.6155,74.8345,249,5814*,CRITICAL
581187,"Kumbarwada S.O","UTTARA KANNADA","KARNATAKA",12.6155,74.8345,245,5811*,CRITICAL
194105,"Baroo S.O","KARGIL","LADAKH",34.553506,76.135043,245,19410*,CRITICAL
581186,"Joida S.O","UTTARA KANNADA","KARNATAKA",12.6155,74.8345,245,5811*,CRITICAL
631005,"Winterpet SO","Ranipet","TAMIL NADU",12.99985,79.61852,244,63100*,CRITICAL
744301,"Carnicobar S.O","NICOBARS","ANDAMAN AND NICOBAR ISLANDS",9.175112,92.816118,244,744*,CRITICAL
284501,"Rajghat Dam Project SO","LALITPUR","UTTAR PRADESH",25.2728,81.3156,242,284*,CRITICAL
678704,"Chittilancheri SO","PALAKKAD","KERALA",10.642185,76.544826,240,67870*,CRITICAL
678705,"Mudappallur SO","PALAKKAD","KERALA",10.642185,76.544826,240,67870*,CRITICAL
522268,"Nagaram S.O (Guntur)","Bapatla","ANDHRA PRADESH",17.487084,78.602754,238,5222*,CRITICAL
465313,"Mungawadi","UJJAIN","MADHYA PRADESH",23.248238,75.447499,235,4653*,CRITICAL
303329,"A C Jobner SO","JAIPUR","RAJASTHAN",26.9719722,75.3807222,235,30332*,CRITICAL
600131,"SITHALAPAKKAM SO","CHENGALPATTU","TAMIL NADU",12.871,80.156,234,60013*,CRITICAL
343002,"I.A.Jalore S.O","JALORE","RAJASTHAN",25.313845,72.637292,233,34300*,CRITICAL
390018,"Karelibaug SO","VADODARA","GUJARAT",22.3178333,73.1976389,232,39001*,CRITICAL
581129,"Jagalbet S.O","UTTARA KANNADA","KARNATAKA",12.6155,74.8345,231,58112*,CRITICAL
581121,"Castlerock S.O","UTTARA KANNADA","KARNATAKA",12.6155,74.8345,231,58112*,CRITICAL
585229,"Shahabad ACC S.O","KALABURAGI","KARNATAKA",17.3413333,76.8344722,231,58522*,CRITICAL
390013,"Maneja SO","VADODARA","GUJARAT",22.3035833,73.1976944,230,39001*,CRITICAL
390016,"Industrial Estate Vadodara SO","VADODARA","GUJARAT",22.3035833,73.1976944,230,39001*,CRITICAL
390017,"Wadi SN Road SO","VADODARA","GUJARAT",22.2959722,73.21525,229,39001*,CRITICAL
390011,"Manjalpur SO","VADODARA","GUJARAT",22.2781944,73.1944722,227,39001*,CRITICAL
641601,"Tirupur HO","TIRUPPUR","TAMIL NADU",11.1078889,77.3409444,227,64160*,CRITICAL
832109,"Adityapur Industrial Area SO","SARAIKELA KHARSAWAN","JHARKHAND",22.79181,86.15154,226,83210*,CRITICAL
686018,"Manganam SO","KOTTAYAM","KERALA",9.570504,76.556867,224,68601*,CRITICAL
176066,"Ghallour SO","KANGRA","HIMACHAL PRADESH",31.829682,76.277577,221,17606*,CRITICAL
686010,"Vadavathoor SO","KOTTAYAM","KERALA",9.5906,76.5653,221,68601*,CRITICAL
678512,"Kakkayur SO","PALAKKAD","KERALA",10.799571,76.642318,220,6785*,CRITICAL
678533,"Meenakshipuram SO","PALAKKAD","KERALA",10.799571,76.642318,220,6785*,CRITICAL
600133,"Somangalam S.O","THIRUVALLUR","TAMIL NADU",12.952859,80.0420057,220,60013*,CRITICAL
678505,"Pallassana SO","PALAKKAD","KERALA",10.642185,76.544826,220,67850*,CRITICAL
678531,"Peruvemba SO","PALAKKAD","KERALA",10.799571,76.642318,220,6785*,CRITICAL
533238,"Ravulapalem S.O","Konaseema","ANDHRA PRADESH",15.80966667,79.97033333,220,53323*,CRITICAL
678504,"Vadavannur SO","PALAKKAD","KERALA",10.642185,76.544826,220,67850*,CRITICAL
629810,"Kandanvilai S.O","KANNIYAKUMARI","TAMIL NADU",8.2061111,77.3264444,220,6298*,CRITICAL
123110,"Industrial Area Dharuhera SO","REWARI","HARYANA",28.2335556,77.8032778,219,123*,CRITICAL
700038,"Sahapur SO","KOLKATA","WEST BENGAL",22.5068055,88.3234166,216,70003*,CRITICAL
505506,"Mutharam S.O","PEDDAPALLI","TELANGANA",18.528108,80.027908,214,50550*,CRITICAL
521320,"Kruthivennu SO","KRISHNA","ANDHRA PRADESH",16.3787,81.360617,214,52132*,CRITICAL
176062,"Auc Palampur SO","KANGRA","HIMACHAL PRADESH",32.1031389,76.5510278,212,17606*,CRITICAL
312617,"Kailash  Nagar S.O","CHITTORGARH","RAJASTHAN",25.1131667,72.8190278,211,31261*,CRITICAL
176065,"Rajhoon SO","KANGRA","HIMACHAL PRADESH",32.0285833,76.4052222,210,17606*,CRITICAL
387325,"Kanjari SO","KHEDA","GUJARAT",22.7525,72.6844722,206,3873*,CRITICAL
387315,"Chaklashi SO","KHEDA","GUJARAT",22.7525,72.6844722,206,3873*,CRITICAL
581318,"Banavasi S.O","UTTARA KANNADA","KARNATAKA",14.37,74.5,205,58131*,CRITICAL
221009,"Sahupuri SO","CHANDAULI","UTTAR PRADESH",27.1731,83.0447,204,22100*,CRITICAL
509360,"Veldanda S.O","NAGARKURNOOL","TELANGANA",16.9716667,79.7827222,204,5093*,CRITICAL
533211,"Mukteswaram S.O","Konaseema","ANDHRA PRADESH",15.99480556,79.98430556,204,53321*,CRITICAL
846008,"K D S U SO","DARBHANGA","BIHAR",26.164545,85.897499,204,84600*,CRITICAL
846006,"Subhankarpur SO","DARBHANGA","BIHAR",26.1580555,85.8869444,203,84600*,CRITICAL
181205,"Muthi SO","JAMMU","JAMMU AND KASHMIR",34.75832,74.814157,202,18120*,CRITICAL
734002,"Salbari SO","DARJEELING","WEST BENGAL",26.7097222,88.4287778,197,73400*,HIGH
744207,"Hut  Bay S.O","SOUTH ANDAMANS","ANDAMAN AND NICOBAR ISLANDS",10.59138889,92.53833333,196,74420*,HIGH
401205,"Juchandra","PALGHAR","MAHARASHTRA",19.3603,72.8727,196,40120*,HIGH
712233,"Hindmotor SO","HOOGHLY","WEST BENGAL",22.6860556,88.3505833,195,7122*,HIGH
581358,"Yekkambi S.O","UTTARA KANNADA","KARNATAKA",12.6155,74.8345,194,58135*,HIGH
686141,"Vaikom HO","KOTTAYAM","KERALA",9.75008,76.39022,194,68614*,HIGH
712291,"NDC Rishra","NA","NA",22.7221827,88.3536356,194,7122*,HIGH
581355,"Siddapur S.O","UTTARA KANNADA","KARNATAKA",12.6155,74.8345,194,58135*,HIGH
581356,"Tergaon S.O","UTTARA KANNADA","KARNATAKA",12.6155,74.8345,194,58135*,HIGH
712232,"Bhadrakali SO","HOOGHLY","WEST BENGAL",22.88825,88.40225,193,7122*,HIGH
581322,"Bilgi S.O (Uttara Kannada)","UTTARA KANNADA","KARNATAKA",12.6155,74.8345,192,58132*,HIGH
581329,"Haliyal S.O","UTTARA KANNADA","KARNATAKA",12.6155,74.8345,192,58132*,HIGH
631152,"Suraksha Cisf Campus SO","Ranipet","TAMIL NADU",12.9809911,77.6830238,192,63115*,HIGH
712234,"Kanaipur SO","HOOGHLY","WEST BENGAL",22.7027666,88.3235833,192,7122*,HIGH
401209,"Nallosapare E S.O","PALGHAR","MAHARASHTRA",19.4253889,72.8274167,191,40120*,HIGH
678732,"Kottekkad SO","PALAKKAD","KERALA",10.799571,76.642318,189,6787*,HIGH
521328,"Koduru S.O","KRISHNA","ANDHRA PRADESH",16.0124592,81.039318,186,52132*,HIGH
679106,"Kondazhi SO","THRISSUR","KERALA",10.726977,76.397333,183,67910*,HIGH
509235,"Thoodukurthy S.O","NAGARKURNOOL","TELANGANA",16.4277222,78.2405,183,5092*,HIGH
122098,"CRPF Kadarpur SO","GURUGRAM","HARYANA",28.3913822,77.0511932,183,1220*,HIGH
679105,"Mayannur SO","THRISSUR","KERALA",10.7538539,76.3800437,180,67910*,HIGH
416307,"Kavathe Ekand S.O","SANGLI","MAHARASHTRA",16.9850969,74.6213603,179,41630*,HIGH
625015,"Thiagarajar Engg College SO","MADURAI","TAMIL NADU",9.8834167,78.0798889,179,62501*,HIGH
742164,"Roshanbagh SO","MURSHIDABAD","WEST BENGAL",25.5272222,88.4202777,179,74216*,HIGH
679104,"Kanniampuram SO","PALAKKAD","KERALA",10.7730733,76.3635583,178,67910*,HIGH
679101,"Ottapalam HO","PALAKKAD","KERALA",10.7708266,76.3793866,178,67910*,HIGH
123501,"Bawal SO","REWARI","HARYANA",28.0733889,76.5809722,177,123*,HIGH
686616,"Newsprint Nagar SO","KOTTAYAM","KERALA",9.831784,76.468777,176,68661*,HIGH
678541,"Alathur Mbr HO","PALAKKAD","KERALA",10.642185,76.544826,174,67854*,HIGH
723134,"NILDIH RTPS S.O.","PURULIA","WEST BENGAL",23.591303,86.663469,174,72313*,HIGH
678546,"Erimayur SO","PALAKKAD","KERALA",10.642185,76.544826,174,67854*,HIGH
201302,"NDC Noida","GAUTAM BUDDHA NAGAR","UTTAR PRADESH",28.5787,77.3134,173,20130*,HIGH
788733,"BAZARGHAT B.O","KARIMGANJ","ASSAM",24.6036115,92.3870211,172,78873*,HIGH
474008,"Gwalior Fort S.O","GWALIOR","MADHYA PRADESH",26.230832,78.321936,172,47400*,HIGH
474007,"Moti Mahal S.O","GWALIOR","MADHYA PRADESH",26.230832,78.321936,172,47400*,HIGH
713326,"Chotodighari SO","PASCHIM BARDHAMAN","WEST BENGAL",22.2322222,87.8636111,172,71332*,HIGH
390008,"NDC FATEGANJ","NA","NA",22.3271018,73.1895287,172,39000*,HIGH
686653,"Kadanad Meenachil SO","KOTTAYAM","KERALA",9.7771697,76.7026957,172,68665*,HIGH
474004,"Birla Nagar S.O","GWALIOR","MADHYA PRADESH",26.230832,78.321936,172,47400*,HIGH
123101,"Khori SO","REWARI","HARYANA",28.209,76.8841111,171,123*,HIGH
732215,"Pubarun SO","MALDAH","WEST BENGAL",24.0004861,87.0012916,171,73221*,HIGH
390006,"Fatepura SO Vadodara","VADODARA","GUJARAT",22.3035833,73.1976944,170,39000*,HIGH
122052,"IMT Manesar SO","GURUGRAM","HARYANA",28.342,76.9364722,170,1220*,HIGH
390002,"Fateganj HO","VADODARA","GUJARAT",22.3035833,73.1976944,170,39000*,HIGH
686021,"Pariyaram SO Kottayam","KOTTAYAM","KERALA",9.541556,76.584709,168,6860*,HIGH
700127,"Hridaypur SO","24 PARAGANAS NORTH","WEST BENGAL",22.7098333,88.4678333,168,70012*,HIGH
791109,"Nirjuli S.O","PAPUM PARE","ARUNACHAL PRADESH",27.13025,93.74111111,168,79110*,HIGH
786173,"Jubilee Digboi S.O","TINSUKIA","ASSAM",26.4445,94.151,167,78617*,HIGH
241127,"Sandila I Estate SO","HARDOI","UTTAR PRADESH",27.084156994191734,80.4551368646985,167,24112*,HIGH
123106,"Dharuhera SO","REWARI","HARYANA",28.2306667,76.80025,166,123*,HIGH
123102,"Kund SO","REWARI","HARYANA",28.1501944,76.3992778,166,123*,HIGH
533222,"Anatavaram S.O","Konaseema","ANDHRA PRADESH",17.69897222,83.28530556,163,5332*,HIGH
686022,"Chengalam South SO","KOTTAYAM","KERALA",9.589517,76.476451,163,6860*,HIGH
123412,"Dharan SO","REWARI","HARYANA",28.2017222,76.5955833,163,123*,HIGH
123103,"Khol SO","REWARI","HARYANA",28.1728056,76.402,163,123*,HIGH
764052,"Chitrakonda S.O","MALKANGIRI","ODISHA",19.6654,84.00004,161,76405*,HIGH
362269,"Inaj BO","GIR SOMNATH","GUJARAT",20.9823796,70.4178153,160,36226*,HIGH
686041,"Malloossery SO","KOTTAYAM","KERALA",9.616405,76.518911,160,6860*,HIGH
442107,"Sawangi Meghe SO","WARDHA","MAHARASHTRA",20.1668056,77.1065556,160,44210*,HIGH
755063,"KAITHA S.O","JAJAPUR","ODISHA",20.605018,86.083954,160,75506*,HIGH
583225,"T B Dam S.O","VIJAYNAGAR","KARNATAKA",15.2669444,76.3513056,159,58322*,HIGH
141201,"Kila Raipur SO","LUDHIANA","PUNJAB",30.7623611,75.8213055,159,14120*,HIGH
517305,"Cherlopalle S.O","Annamayya","ANDHRA PRADESH",14.4165833,77.0571667,158,5173*,HIGH
713369,"Kalyaneshwari SO","PASCHIM BARDHAMAN","WEST BENGAL",24.2808333,87.5516666,158,71336*,HIGH
713365,"Chittaranjan TS SO","PASCHIM BARDHAMAN","WEST BENGAL",23.618125,87.136235,154,71336*,HIGH
781040,"Sawkuchi S.O","KAMRUP METRO","ASSAM",26.1203667,91.7507642,154,7810*,HIGH
770042,"Tensa S.O","SUNDARGARH","ODISHA",21.8722149,85.1688566,154,77004*,HIGH
678685,"Mannapra SO","PALAKKAD","KERALA",10.642185,76.544826,152,67868*,HIGH
686609,"Mevelloor SO","KOTTAYAM","KERALA",9.832752,76.454825,152,68660*,HIGH
509228,"Kothur S.O","RANGA REDDY","TELANGANA",17.1485278,78.2871111,151,5092*,HIGH
123411,"Dahina SO","REWARI","HARYANA",28.2938611,76.3839722,149,123*,HIGH
695134,"Vlathankara SO","THIRUVANANTHAPURAM","KERALA",8.362619,77.09242,148,6951*,HIGH
721624,"Rangibasan SO","MEDINIPUR EAST","WEST BENGAL",22.116759,87.59,146,72162*,HIGH
509326,"Srisailam Dam  S.O","NAGARKURNOOL","TELANGANA",16.0742222,78.0315556,146,50932*,HIGH
682511,"Malipuram SO","ERNAKULAM","KERALA",10.1102222,76.3595833,146,6825*,HIGH
480771,"Ari S.O","SEONI","MADHYA PRADESH",21.8128,80.1838,146,480*,HIGH
123301,"Guriani SO","REWARI","HARYANA",28.3571944,76.5355,145,123*,HIGH
829115,"Garri BO","BOKARO","JHARKHAND",23.604995,86.944122,144,82911*,HIGH
503002,"Subhashnagar S.O","NIZAMABAD","TELANGANA",18.682979,78.10737,143,503*,HIGH
503001,"Nizamabad H.O","NIZAMABAD","TELANGANA",18.6715,78.0937,143,503*,HIGH
173210,"Dagshai SO","SOLAN","HIMACHAL PRADESH",30.878024,77.05822,143,17321*,HIGH
125052,"Mandi Adampur SO","HISAR","HARYANA",28.2817778,75.4726389,140,12505*,HIGH
283205,"Collectorate firozabad SO","FIROZABAD","UTTAR PRADESH",27.126702,78.4802172,140,28320*,HIGH
799104,"Jatanbari S.O","Gomati","TRIPURA",23.9408,91.9881,140,7991*,HIGH
679587,"Eramangalam SO","MALAPPURAM","KERALA",10.7151823,75.9784036,140,67958*,HIGH
174005,"Raghunath Pura SO","BILASPUR","HIMACHAL PRADESH",31.312751,76.763658,139,17400*,HIGH
123302,"Kosli SO","REWARI","HARYANA",28.4002222,76.4839167,139,123*,HIGH
679583,"Ponani Nagaram SO","MALAPPURAM","KERALA",10.7765,75.92176,139,67958*,HIGH
741247,"Pritinagar SO","NADIA","WEST BENGAL",22.1296944,88.5454444,139,74124*,HIGH
679581,"Marancheri SO","MALAPPURAM","KERALA",10.7318362,75.9755907,138,67958*,HIGH
823005,"Asc CentreN Gaya SO","GAYA","BIHAR",24.7938333,85.0080833,138,82300*,HIGH
591219,"Galataga S.O","BELAGAVI","KARNATAKA",16.489898,74.470702,138,59121*,HIGH
123303,"Nahar SO","REWARI","HARYANA",28.4120556,76.398,137,123*,HIGH
770046,"Hatibari S.O","SUNDARGARH","ODISHA",22.403882,84.859261,136,77004*,HIGH
515331,"Lepakshi S.O","Sri Sathya Sai","ANDHRA PRADESH",13.80286111,77.60919444,135,515*,HIGH
734091,"NDC Siliguri","NA","NA",26.73,88.4,135,7340*,HIGH
515341,"Chilamathur S.O","Sri Sathya Sai","ANDHRA PRADESH",13.83944444,77.67052778,134,515*,HIGH
581336,"Hulekal S.O","UTTARA KANNADA","KARNATAKA",14.42,74.46,134,58133*,HIGH
505188,"Kamanpur S.O","PEDDAPALLI","TELANGANA",18.6614722,79.5039167,133,50518*,HIGH
585413,"Halbarga S.O","BIDAR","KARNATAKA",17.59,77.19,132,58541*,HIGH
679585,"Alankode SO","MALAPPURAM","KERALA",10.7530593,76.0357329,132,67958*,HIGH
679563,"Nhamanghat SO","THRISSUR","KERALA",10.643983,76.026146,132,6795*,HIGH
452012,"Rajendra Nagar S.O (Indore)","INDORE","MADHYA PRADESH",22.4,75.49,132,45201*,HIGH
585326,"Aurad (B) S.O","BIDAR","KARNATAKA",18.25294444,77.41566667,130,58532*,HIGH
679562,"Vadakkekad SO","THRISSUR","KERALA",10.664267,76.00321,129,6795*,HIGH
493887,"Kopra SO","GARIYABAND","CHHATTISGARH",20.50045,81.55447,128,49388*,HIGH
679561,"Punnayurkulam SO","THRISSUR","KERALA",10.672445,75.99553,128,6795*,HIGH
487330,"Barman S.O","NARSINGHPUR","MADHYA PRADESH",22.75,77.72,128,487*,HIGH
679564,"Andathode SO","THRISSUR","KERALA",10.6783,75.969417,127,6795*,HIGH
581363,"Ambikanagar S.O","UTTARA KANNADA","KARNATAKA",15.71,74.39,127,58136*,HIGH
144007,"Ladhewali SO","JALANDHAR","PUNJAB",31.32594121,75.62710435,126,14400*,HIGH
131030,"TDI City Kundli SO","SONIPAT","HARYANA",28.4391,77.3009,125,1310*,HIGH
585412,"Chitguppa S.O","BIDAR","KARNATAKA",17.69805556,77.21366667,125,58541*,HIGH
160006,"NDC Chandigarh","CHANDIGARH","CHANDIGARH",30.742,76.7834,125,16000*,HIGH
144009,"Regional Campus GNDU SO","JALANDHAR","PUNJAB",31.33374377,75.62297607,125,14400*,HIGH
305026,"Thanwala S.O","NAGAUR","RAJASTHAN",26.5574444,74.4666944,125,30502*,HIGH
711225,"Pancharul SO","HOWRAH","WEST BENGAL",22.5816944,88.3371944,124,71122*,HIGH
491443,"SOMNI S.O","RAJNANDGAON","CHHATTISGARH",22.223389,81.412039,124,49144*,HIGH
509120,"Srirangapur S.O","WANAPARTHY","TELANGANA",17.0912222,78.0844444,123,50912*,HIGH
743356,"Ghoramara Mandirtala BO","24 PARAGANAS SOUTH","WEST BENGAL",22.9133,88.1297,123,74335*,HIGH
440035,"Kalmna Market Yard S.O","NAGPUR","MAHARASHTRA",19.98925,79.55677778,123,44003*,HIGH
160004,"Airforce Highground SO","CHANDIGARH","CHANDIGARH",30.6473056,76.7890278,122,16000*,HIGH
585353,"Maniknagar S.O","BIDAR","KARNATAKA",17.78369444,77.11138889,122,58535*,HIGH
480997,"Ghansore S.O","SEONI","MADHYA PRADESH",22.6567,80.0666,122,480*,HIGH
713361,"Suryanagar SO Bardhaman","PASCHIM BARDHAMAN","WEST BENGAL",23.8371222,86.909973,121,71336*,HIGH
670304,"Madayi SO","KANNUR","KERALA",11.874535,75.37019,121,67030*,HIGH
670302,"Mattul SO","KANNUR","KERALA",11.874535,75.37019,121,67030*,HIGH
509201,"Amrabad S.O","NAGARKURNOOL","TELANGANA",16.3763056,78.8322778,119,50920*,HIGH
533355,"K gangavaram","EAST GODAVARI","ANDHRA PRADESH",16.7354,82.03448,119,53335*,HIGH
625004,"Pasumalai SO","MADURAI","TAMIL NADU",9.89375,78.0800278,119,62500*,HIGH
493881,"Nawapara Rajim SO","RAIPUR","CHHATTISGARH",20.58028,81.5143,118,49388*,HIGH
504303,"Srirampur Colony S.O","MANCHERIAL","TELANGANA",18.856977,79.504672,118,50430*,HIGH
515321,"Rolla S.O","Sri Sathya Sai","ANDHRA PRADESH",13.84230556,77.10155556,117,515*,HIGH
147008,"Nodal Delivery Center (Parcel)  Patiala","PATIALA","PUNJAB",30.334492,76.385886,117,14700*,HIGH
682557,"Kalpeni S.O","LAKSHADWEEP DISTRICT","LAKSHADWEEP",10.067286,73.64425,116,68255*,HIGH
425203,"Bhusawal Ordnance Factory S.O","JALGAON","MAHARASHTRA",21.050554,75.819568,116,425*,HIGH
521120,"Nagayalanka S.O","KRISHNA","ANDHRA PRADESH",15.94775,80.91641667,114,5211*,HIGH
764051,"Balimela S.O","MALKANGIRI","ODISHA",18.224435,82.059782,113,76405*,HIGH
606202,"Kallakurichi H.O","KALLAKURICHI","TAMIL NADU",11.7381667,78.9601389,113,60620*,HIGH
686560,"Priyadarsini Hills SO","KOTTAYAM","KERALA",9.659962,76.530419,113,68656*,HIGH
173222,"Mamlig SO","SOLAN","HIMACHAL PRADESH",31.0546944,77.0245833,113,17322*,HIGH
442501,"Chandrapur Ord Fact S.O","CHANDRAPUR","MAHARASHTRA",20.1171111,79.1494167,112,44250*,HIGH
686007,"Pallom SO","KOTTAYAM","KERALA",9.529263,76.514385,112,68600*,HIGH
799145,"Sabroom S.O","South Tripura","TRIPURA",23.00369444,91.73263889,110,7991*,HIGH
482007,"NDC Jabalpur","NA","NA",23.161436,79.955222,110,48200*,HIGH
585447,"MANHALLI  S.O","BIDAR","KARNATAKA",17.8155,76.7971,110,5854*,HIGH
678002,"Olavakkot HO","PALAKKAD","KERALA",10.799571,76.642318,110,67800*,HIGH
160025,"Maloya Colony SO","CHANDIGARH","CHANDIGARH",30.7529722,75.7185,110,1600*,HIGH
515303,"Kallumarri S.O","ANANTAPUR","ANDHRA PRADESH",13.94077778,77.26947222,109,515*,HIGH
390024,"Chhani Rd SO","VADODARA","GUJARAT",22.3415,73.1786944,109,39002*,HIGH
744206,"Wimberlygunj S.O","SOUTH ANDAMANS","ANDAMAN AND NICOBAR ISLANDS",11.44,92.42,108,74420*,HIGH
581325,"Dandeli S.O","UTTARA KANNADA","KARNATAKA",15.251804,74.627155,108,58132*,HIGH
515301,"Madakasira S.O","Sri Sathya Sai","ANDHRA PRADESH",13.94052778,77.26569444,108,515*,HIGH
487334,"Dobhi S.O (M.P Circle)","NARSINGHPUR","MADHYA PRADESH",22.88,77.9,108,487*,HIGH
686009,"Rubber Board SO","KOTTAYAM","KERALA",9.577014,76.568306,107,68600*,HIGH
515305,"Rallahalli S.O","Sri Sathya Sai","ANDHRA PRADESH",13.97566667,77.37236111,107,515*,HIGH
390023,"Subhanpura SO","VADODARA","GUJARAT",22.3213611,73.154,107,39002*,HIGH
521122,"Gandhikshetram S.O","KRISHNA","ANDHRA PRADESH",16.03069444,80.929,106,5211*,HIGH
284124,"Jakhaura SO","LALITPUR","UTTAR PRADESH",24.5425,78.201,106,28412*,HIGH
521121,"Avanigadda H.O","KRISHNA","ANDHRA PRADESH",16.02008333,80.91555556,106,5211*,HIGH
686002,"Kottayam Collectorate SO","KOTTAYAM","KERALA",9.59309691417403,76.5353107452392,105,68600*,HIGH
390026,"NDC VADODARA","NA","NA",22.3035833,73.1976944,105,39002*,HIGH
390021,"T B Sanatorium SO","VADODARA","GUJARAT",22.3035833,73.1976944,105,39002*,HIGH
261304,"Atariya SO","SITAPUR","UTTAR PRADESH",27.172559,80.859988,105,26130*,HIGH
585445,"KOHINOOR SO","BIDAR","KARNATAKA",17.8122,76.8534,104,5854*,HIGH
751010,"Rasulgarh S.O","KHORDHA","ODISHA",21.3025,85.8560556,104,75101*,HIGH
711111,"Jagacha SO","HOWRAH","WEST BENGAL",22.5804,88.2751,104,71111*,HIGH
686006,"Nattassery S H Mount SO","KOTTAYAM","KERALA",9.605192,76.52954,104,68600*,HIGH
262526,"Jhulaghat SO","PITHORAGARH","UTTARAKHAND",28.5725556,80.1731389,104,26252*,HIGH
711113,"Balitikuri SO","HOWRAH","WEST BENGAL",22.6062,88.294,104,71111*,HIGH
480994,"Keolari S.O","SEONI","MADHYA PRADESH",22.3706,79.91,103,480*,HIGH
752068,"Itamati S.O","NAYAGARH","ODISHA",20.1664,85.1497,103,75206*,HIGH
744202,"Diglipur S.O","NORTH AND MIDDLE ANDAMAN","ANDAMAN AND NICOBAR ISLANDS",13.245378,92.974911,103,74420*,HIGH
345022,"Ramgarh SO Jaisalmer","JAISALMER","RAJASTHAN",27.369167,70.498698,103,34502*,HIGH
583118,"D T Ship S.O","BALLARI","KARNATAKA",15.1484167,76.9351667,102,58311*,HIGH
585328,"Bhalki S.O","BIDAR","KARNATAKA",18.04616667,77.21344444,102,58532*,HIGH
461441,"Khirkiyan R.S. S.O","HARDA","MADHYA PRADESH",22.1657778,76.8595556,101,461*,HIGH
793122,"Ucc S.O","RI BHOI","MEGHALAYA",26.036524,92.083764,101,79312*,HIGH
793123,"Umsaw S.O","RI BHOI","MEGHALAYA",26.036524,92.083764,101,79312*,HIGH
711115,"Jagadishpurhat SO","HOWRAH","WEST BENGAL",22.650242,88.281835,101,71111*,HIGH
122107,"Nuh SO","NUH","HARYANA",28.1020556,76.0044722,100,12210*,HIGH
360460,"Dhank SO","RAJKOT","GUJARAT",21.7803,70.099899,100,3604*,MEDIUM
247658,"Sultanpur SO","HARIDWAR","UTTARAKHAND",30.79,78.018,100,2476*,HIGH
560051,"H K P Road S.O","BENGALURU URBAN","KARNATAKA",12.1553889,78.0118056,99,56005*,MEDIUM
201320,"NDC Sec-1 Greater Noida","NA","NA",28.57419,77.442,99,2013*,MEDIUM
312627,"Sadas S.O","CHITTORGARH","RAJASTHAN",25.11659,74.5915,99,31262*,MEDIUM
486669,"Madwas S.O","SIDHI","MADHYA PRADESH",23.3021,81.3568,99,48666*,MEDIUM
518102,"S.S.Dam East S.O","Nandyal","ANDHRA PRADESH",16.08077778,78.90597222,99,5181*,MEDIUM
204217,"Mendu SO","ALIGARH","UTTAR PRADESH",27.61646346,78.11061336,98,20421*,MEDIUM
515601,"Kodikonda S.O","Sri Sathya Sai","ANDHRA PRADESH",13.83844444,77.75272222,98,5156*,MEDIUM
751018,"Badagarh Brit Colony S.O","KHORDHA","ODISHA",21.2491944,85.8537778,98,75101*,MEDIUM
577181,"Horanadu S.O","CHIKKAMAGALURU","KARNATAKA",13.2747778,75.3430278,98,57718*,MEDIUM
470229,"Garhakota S.O","SAGAR","MADHYA PRADESH",23.779512,79.143596,98,47022*,MEDIUM
764006,"Bariniput S.O","KORAPUT","ODISHA",19.6697,83.09,98,76400*,MEDIUM
440025,"Khamla S.O","NAGPUR","MAHARASHTRA",21.11063889,79.06097222,97,44002*,MEDIUM
585292,"Malkhed Road S.O","KALABURAGI","KARNATAKA",17.3413333,76.8344722,97,58529*,MEDIUM
521126,"Challapalli S.O","KRISHNA","ANDHRA PRADESH",16.11583333,80.93155556,97,5211*,MEDIUM
585331,"Rajeshwar S.O","BIDAR","KARNATAKA",17.9116389,77.5193611,97,5853*,MEDIUM
201020,"Khora SO","GHAZIABAD","UTTAR PRADESH",28.6196438776206,77.3462093556991,97,2010*,MEDIUM
518101,"Srisailam S.O","Nandyal","ANDHRA PRADESH",16.07008333,78.87219444,96,5181*,MEDIUM
521149,"Guduru S.O","KRISHNA","ANDHRA PRADESH",16.2170425916521,81.0830354724442,96,5211*,MEDIUM
784166,"Behali S.O","Biswanath","ASSAM",26.620828,92.799014,96,78416*,MEDIUM
480999,"Kahani S.O","SEONI","MADHYA PRADESH",22.6032,79.8195,96,480*,MEDIUM
560071,"Domlur S.O","BENGALURU URBAN","KARNATAKA",12.1669167,77.1099722,96,56007*,MEDIUM
440020,"Neeri S.O","NAGPUR","MAHARASHTRA",21.12258333,79.07325,96,44002*,MEDIUM
670325,"Mattul North SO","KANNUR","KERALA",11.874535,75.37019,96,6703*,MEDIUM
670358,"Payangadi R S SO","KANNUR","KERALA",11.874535,75.37019,96,6703*,MEDIUM
201021,"Abhay Khand 03 SO","GHAZIABAD","UTTAR PRADESH",28.63408,77.345364,96,2010*,MEDIUM
440021,"A.D. Project S.O","NAGPUR","MAHARASHTRA",21.129257,79.048969,95,44002*,MEDIUM
124515,"MET Dadri Toe S.O","ROHTAK","HARYANA",28.55027,77.5542589,95,12451*,MEDIUM
600046,"Tambaram IAF SO","CHENGALPATTU","TAMIL NADU",12.0187778,80.2012778,95,60004*,MEDIUM
452013,"Indore Cat S.O","INDORE","MADHYA PRADESH",22.6693611,75.8135,94,45201*,MEDIUM
679516,"Vengasseri SO","PALAKKAD","KERALA",10.8338737,76.4439152,94,67951*,MEDIUM
480667,"Barghat S.O","SEONI","MADHYA PRADESH",22.03375,79.7445,94,480*,MEDIUM
125101,"Chautala SO","SIRSA","HARYANA",29.7802222,74.5243056,93,12510*,MEDIUM
125110,"Chopta Nathu Sari SO","SIRSA","HARYANA",29.3710278,75.1261389,93,12511*,MEDIUM
799103,"Bishramganj S.O","Sepahijala","TRIPURA",24.1314,91.1651,93,7991*,MEDIUM
125075,"Siri Jiwan Nagar SO","SIRSA","HARYANA",29.5275278,74.7394722,92,1250*,MEDIUM
480888,"Dhuma S.O","SEONI","MADHYA PRADESH",22.7513,79.72032,92,480*,MEDIUM
440029,"Bhilgaon SO","NAGPUR","MAHARASHTRA",21.207769,79.184052,92,44002*,MEDIUM
679515,"Kadambur SO Palakkad","PALAKKAD","KERALA",10.8503683,76.41072,92,67951*,MEDIUM
323305,"Rawatbhatta  Bazar S.O","CHITTORGARH","RAJASTHAN",24.8827778,74.6225,92,32330*,MEDIUM
678013,"Kunnathurmedu SO","PALAKKAD","KERALA",10.799571,76.642318,91,6780*,MEDIUM
678011,"Ambikapuram SO Palakkad","PALAKKAD","KERALA",10.799571,76.642318,91,6780*,MEDIUM
678010,"Sekharipuram SO","PALAKKAD","KERALA",10.799571,76.642318,91,6780*,MEDIUM
678014,"Palakkad City SO","PALAKKAD","KERALA",10.799571,76.642318,91,6780*,MEDIUM
440026,"Uppalwadi S.O","NAGPUR","MAHARASHTRA",21.19238889,79.10386111,90,44002*,MEDIUM
534215,"Venkatrayapuram S.O","WEST GODAVARI","ANDHRA PRADESH",16.66969444,80.77872222,90,53421*,MEDIUM
509375,"Achampet S.O","NAGARKURNOOL","TELANGANA",16.39975,78.63975,90,50937*,MEDIUM
342307,"Bap SO","JODHPUR","RAJASTHAN",27.371253,72.353361,90,34230*,MEDIUM
171215,"Mandhole SO","SHIMLA","HIMACHAL PRADESH",31.1088795,77.6664896,90,17121*,MEDIUM
452014,"Khatiwala Tank S.O","INDORE","MADHYA PRADESH",22.6989722,75.8575,89,45201*,MEDIUM
765011,"Chandrapur S.O","RAYAGADA","ODISHA",19.615705,83.8845,89,76501*,MEDIUM
125077,"Odhan SO","SIRSA","HARYANA",29.7654167,74.8992778,89,1250*,MEDIUM
457990,"Jobat S.O","ALIRAJPUR","MADHYA PRADESH",22.4198333,74.4198333,89,457*,MEDIUM
516105,"Anantharajupet S.O","Annamayya","ANDHRA PRADESH",13.9978889,79.3105,88,5161*,MEDIUM
509412,"Peddakothapally S.O","NAGARKURNOOL","TELANGANA",16.29825,78.3600278,88,50941*,MEDIUM
600094,"Choolaimedu S.O","CHENNAI","TAMIL NADU",13.1104444,80.3691389,88,60009*,MEDIUM
585418,"Dubalgundi S.O","BIDAR","KARNATAKA",17.9116389,77.5193611,87,58541*,MEDIUM
585416,"Hulsoor S.O","BIDAR","KARNATAKA",17.9116389,77.5193611,87,58541*,MEDIUM
682551,"Androth S.O","LAKSHADWEEP DISTRICT","LAKSHADWEEP",10.815331,73.681487,87,68255*,MEDIUM
335708,"RAWLA S.O","GANGANAGAR","RAJASTHAN",28.8383925,72.8868358,87,33570*,MEDIUM
585411,"Bhatambra S.O","BIDAR","KARNATAKA",17.9116389,77.5193611,87,58541*,MEDIUM
480990,"Kanhiwada S.O","SEONI","MADHYA PRADESH",22.2127,79.7385,87,480*,MEDIUM
342026,"Jodhpur BSF Trg Centre SO","JODHPUR","RAJASTHAN",26.3318889,73.0424722,87,34202*,MEDIUM
500109,"IBC Hyderabad","HYDERABAD","TELANGANA",17.399297,79.44843,86,50010*,MEDIUM
683571,"Chowara SO","ERNAKULAM","KERALA",10.127015,76.387578,86,68357*,MEDIUM
461990,"Bankhedi S.O","HOSHANGABAD","MADHYA PRADESH",22.7677778,78.534,86,461*,MEDIUM
855106,"Galgalia SO","KISHANGANJ","BIHAR",25.67816,86.941143,85,85510*,MEDIUM
522212,"Chebrole S.O (Guntur)","GUNTUR","ANDHRA PRADESH",15.927,79.741,85,5222*,MEDIUM
518222,"Dhone S.O","Nandyal","ANDHRA PRADESH",14.67005556,77.60177778,85,5182*,MEDIUM
812007,"T N B College SO","BHAGALPUR","BIHAR",25.2409722,86.9528889,85,81200*,MEDIUM
452018,"Indore Tillaknagar S.O","INDORE","MADHYA PRADESH",22.7175278,75.8963333,85,45201*,MEDIUM
533353,"DEWANCHERUVU S.O","EAST GODAVARI","ANDHRA PRADESH",17.03738,81.93148,84,53335*,MEDIUM
854109,"Katihar Court SO","KATIHAR","BIHAR",25.5372,85.561,84,85410*,MEDIUM
799144,"Santirbazar S.O","South Tripura","TRIPURA",23.31075,91.56244444,84,7991*,MEDIUM
764046,"Khairaput S.O","MALKANGIRI","ODISHA",18.863062,82.566686,84,76404*,MEDIUM
231209,"Gurma Markundi SO","SONBHADRA","UTTAR PRADESH",24.3612,83.1236,84,23120*,MEDIUM
711317,"Radhadasi SO","HOWRAH","WEST BENGAL",22.5816944,88.3371944,83,71131*,MEDIUM
125102,"Ellenabad SO","SIRSA","HARYANA",29.4490833,74.6628611,83,12510*,MEDIUM
461335,"SIRALI SO","HARDA","MADHYA PRADESH",22.1542,77.0622,83,461*,MEDIUM
415212,"Marul Haveli S.O","SATARA","MAHARASHTRA",17.5903611,74.4530556,83,41521*,MEDIUM
273312,"CHOWK BAZAR SO","MAHARAJGANJ","UTTAR PRADESH",27.248509,83.572481,83,27331*,MEDIUM
784125,"Mangaldoi H.O","DARRANG","ASSAM",26.4348442,92.0296825,83,7841*,MEDIUM
509376,"Uppununthala S.O","NAGARKURNOOL","TELANGANA",16.4566389,78.5951944,83,50937*,MEDIUM
125076,"Rania SO","SIRSA","HARYANA",29.5235833,74.8406389,83,1250*,MEDIUM
516108,"Obulavaripalli S.O","Y.S.R.","ANDHRA PRADESH",14.0378333,79.2631111,82,5161*,MEDIUM
585448,"Dabka CH SO","BIDAR","KARNATAKA",18.3724,77.2922,82,5854*,MEDIUM
516215,"Sambepalli S.O","Y.S.R.","ANDHRA PRADESH",13.92194,78.79595,81,51621*,MEDIUM
303107,"Pragpura SO","JAIPUR","RAJASTHAN",27.6068056,76.0885,81,30310*,MEDIUM
482010,"Richhai S.O","JABALPUR","MADHYA PRADESH",23.2371389,79.9757222,81,4820*,MEDIUM
284123,"Barh SO Lalitpur","LALITPUR","UTTAR PRADESH",24.6923056,78.4200556,81,28412*,MEDIUM
670327,"Edat SO","KANNUR","KERALA",12.041767,75.356861,81,6703*,MEDIUM
670310,"Ezhimala Naval Academy SO","KANNUR","KERALA",12.041767,75.356861,81,6703*,MEDIUM
431724,"Wai Bazar SO","NANDED","MAHARASHTRA",19.843183,78.033878,81,43172*,MEDIUM
284125,"Lakeviewcamp SO","LALITPUR","UTTAR PRADESH",24.6923056,78.4200556,81,28412*,MEDIUM
125104,"Mandi Dabwali SO","SIRSA","HARYANA",29.9591389,74.6981111,81,12510*,MEDIUM
683573,"Angamally South SO","ERNAKULAM","KERALA",10.177185,76.377443,80,68357*,MEDIUM
487337,"Sagoni Tendukheda S.O","NARSINGHPUR","MADHYA PRADESH",23.39,79.53,80,487*,MEDIUM
335707,"Gharsana S.O","GANGANAGAR","RAJASTHAN",29.903523,73.879739,80,33570*,MEDIUM
516214,"Chinnamandem S.O","Y.S.R.","ANDHRA PRADESH",13.9411944,78.6786389,80,51621*,MEDIUM
516110,"Peddarachapalli S.O","Y.S.R.","ANDHRA PRADESH",14.0895278,79.3135,80,5161*,MEDIUM
689612,"Ayroor North SO","PATHANAMTHITTA","KERALA",9.362243,76.729734,80,68961*,MEDIUM
454775,"Pithampur S.O","DHAR","MADHYA PRADESH",22.6173056,75.6865278,80,45477*,MEDIUM
843335,"B Jagdish SO","SHEOHAR","BIHAR",26.73065,85.3101,80,84333*,MEDIUM
689611,"Ayroor South SO","PATHANAMTHITTA","KERALA",9.362243,76.729734,80,68961*,MEDIUM
686123,"Thidanad SO","KOTTAYAM","KERALA",9.659071,76.778536,80,6861*,MEDIUM
581359,"Yellapur S.O","UTTARA KANNADA","KARNATAKA",14.963,74.71483333,79,58135*,MEDIUM
515271,"Gudibanda S.O (Ananthapur)","Sri Sathya Sai","ANDHRA PRADESH",14.6756,77.586,79,5152*,MEDIUM
689613,"Theodical SO","PATHANAMTHITTA","KERALA",9.389509,76.731617,79,68961*,MEDIUM
764048,"Malkangiri Colony S.O","MALKANGIRI","ODISHA",18.752587,82.4343875,79,76404*,MEDIUM
680565,"Peringottukara SO","THRISSUR","KERALA",10.8761944,75.7173056,79,68056*,MEDIUM
303106,"PaotaJaipur SO","JAIPUR","RAJASTHAN",27.5860833,76.0740278,79,30310*,MEDIUM
799156,"Hrishyamukh S.O","South Tripura","TRIPURA",23.5408333,91.49175,78,7991*,MEDIUM
825415,"NTPC North Karanpura SO","CHATRA","JHARKHAND",23.8466,85.0239,78,82541*,MEDIUM
799120,"Radhakishorepur H.O","Gomati","TRIPURA",23.54083333,91.49175,78,7991*,MEDIUM
335711,"Mandi Gharsana S.O","GANGANAGAR","RAJASTHAN",29.903523,73.879739,78,3357*,MEDIUM
799157,"Anandapur S.O (South Tripura)","South Tripura","TRIPURA",23.5408333,91.49175,78,7991*,MEDIUM
799150,"Rajnagar S.O (South Tripura)","South Tripura","TRIPURA",23.5408333,91.49175,78,7991*,MEDIUM
845404,"Balua Thori Bazar BO","PASHCHIM CHAMPARAN","BIHAR",27.1544172,84.4303959,78,84540*,MEDIUM
799125,"Garjee S.O","Gomati","TRIPURA",23.5408333,91.49175,78,7991*,MEDIUM
682558,"Kiltan S.O","LAKSHADWEEP DISTRICT","LAKSHADWEEP",11.486575,73.0065,78,68255*,MEDIUM
222101,"Belwai S.O","NA","NA",26.17730556,82.68125,78,22210*,MEDIUM
799101,"Amarpur S.O (South Tripura)","Gomati","TRIPURA",23.5408333,91.49175,78,7991*,MEDIUM
799142,"Muhuripur S.O","South Tripura","TRIPURA",23.5408333,91.49175,78,7991*,MEDIUM
686122,"Aruvithura SO","KOTTAYAM","KERALA",9.685411,76.779307,77,6861*,MEDIUM
122999,"NDC GURGAON","NA","NA",28.496716,77.08547,77,122*,MEDIUM
122998,"NDC DLF QE Complex","NA","NA",28.4660573344,77.1056478085,77,122*,MEDIUM
490022,"S A F Lines Bhilai SO","DURG","CHHATTISGARH",21.905665,81.605819,77,49002*,MEDIUM
480003,"CHANDANGAON SO","CHHINDWARA","MADHYA PRADESH",22.0533889,78.9378611,77,48000*,MEDIUM
571448,"Balagangadaranathnagar S.O","MANDYA","KARNATAKA",12.96,76.73,77,57144*,MEDIUM
249206,"Chiddarwala SO","DEHRADUN","UTTARAKHAND",30.79,78.018,77,24920*,MEDIUM
125201,"Kalanwali SO","SIRSA","HARYANA",29.82675,74.9754167,77,125*,MEDIUM
682553,"Agathi S.O","LAKSHADWEEP DISTRICT","LAKSHADWEEP",10.864102,72.198152,76,68255*,MEDIUM
125078,"Baragudha SO","SIRSA","HARYANA",29.6993611,75.0066389,76,1250*,MEDIUM
516130,"T. Sundupalli S.O","Y.S.R.","ANDHRA PRADESH",13.9816,78.9147,76,5161*,MEDIUM
799114,"Gakulpur S.O","Gomati","TRIPURA",23.546582,91.47523,76,7991*,MEDIUM
583275,"Vidyanagar S.O(Ballari)","BALLARI","KARNATAKA",15.1731921,76.6287065,76,58327*,MEDIUM
825421,"Koderma Thermal Power Station SO","KODERMA","JHARKHAND",24.2747,85.7935,76,8254*,MEDIUM
799143,"Manubazar S.O","South Tripura","TRIPURA",23.0423,91.3854,76,7991*,MEDIUM
442920,"Bhisi S.O","CHANDRAPUR","MAHARASHTRA",20.6323,79.4,75,4429*,MEDIUM
795121,"PARBUNG SO","IMPHAL WEST","MANIPUR",24.25663,93.108853,75,79512*,MEDIUM
571457,"Tibetan Settlement S.O","CHAMARAJANAGARA","KARNATAKA",11.87758333,77.26088889,75,5714*,MEDIUM
480996,"Ugli S.O","SEONI","MADHYA PRADESH",22.0882,79.5518,74,480*,MEDIUM
509328,"Kanha Shanti Vanam NDSO","RANGA REDDY","TELANGANA",17.4817,78.4096,74,50932*,MEDIUM
799155,"Beloniya S.O","South Tripura","TRIPURA",23.25177778,91.45577778,74,7991*,MEDIUM
673635,"Calicut University SO","MALAPPURAM","KERALA",11.13271,75.894697,74,67363*,MEDIUM
487881,"Sali Choka Road S.O","NARSINGHPUR","MADHYA PRADESH",22.832192,79.6748981,74,487*,MEDIUM
783123,"Dhupdhara S.O","GOALPARA","ASSAM",25.5746,91.0017,74,78312*,MEDIUM
516104,"Chitvel S.O","Y.S.R.","ANDHRA PRADESH",14.1718889,79.3308611,74,5161*,MEDIUM
518464,"Kodumur S.O","KURNOOL","ANDHRA PRADESH",15.11316667,77.1185,74,51846*,MEDIUM
799113,"Tepania S.O","Gomati","TRIPURA",23.555724,91.451206,74,7991*,MEDIUM
222205,"SULTANPUR SO","JAUNPUR","UTTAR PRADESH",25.46186,82.63682,74,22220*,MEDIUM
480991,"Khairapalari S.O","SEONI","MADHYA PRADESH",22.088,79.5518,74,480*,MEDIUM
799130,"Sekerkote S.O","West Tripura","TRIPURA",23.82975,91.2788333,73,7991*,MEDIUM
759102,"Deulbera Colliery S.O","ANUGUL","ODISHA",20.806221,84.45798,73,75910*,MEDIUM
571187,"Kanagal S.O","MYSURU","KARNATAKA",12.56208333,76.02316667,73,5711*,MEDIUM
480661,"Seoni H.O","SEONI","MADHYA PRADESH",22.0984167,79.5494444,73,480*,MEDIUM
799153,"Radhanagar S.O (West Tripura)","South Tripura","TRIPURA",23.82975,91.2788333,73,7991*,MEDIUM
323303,"Anushakti S.O","CHITTORGARH","RAJASTHAN",24.7274722,74.3231111,73,32330*,MEDIUM
480881,"Khawasa S.O (Seoni)","SEONI","MADHYA PRADESH",22.0984167,79.5494444,73,480*,MEDIUM
799212,"Sidhai S.O","West Tripura","TRIPURA",23.82975,91.2788333,72,7992*,MEDIUM
600096,"Perungudi S.O","CHENNAI","TAMIL NADU",12.9676944,80.2449444,72,60009*,MEDIUM
413707,"Puntamba S.O","AHMEDNAGAR","MAHARASHTRA",19.7683469660754,74.61868959536298,72,41370*,MEDIUM
440005,"Nagpur Airport S.O","NAGPUR","MAHARASHTRA",21.85258333,79.05369444,72,44000*,MEDIUM
518411,"Konidela S.O","Nandyal","ANDHRA PRADESH",15.92738889,77.28813889,72,5184*,MEDIUM
765021,"Ambadola S.O","RAYAGADA","ODISHA",19.8368358,83.4537834,72,76502*,MEDIUM
416551,"Nool S.O","KOLHAPUR","MAHARASHTRA",16.2127946,74.4300353,72,4165*,MEDIUM
799211,"Mohanpur S.O (West Tripura)","West Tripura","TRIPURA",23.82975,91.2788333,72,7992*,MEDIUM
713370,"Ningha SO","PASCHIM BARDHAMAN","WEST BENGAL",23.887533,87.732934,71,71337*,MEDIUM
516107,"Pullampet S.O","Y.S.R.","ANDHRA PRADESH",14.1238333,79.2084167,71,5161*,MEDIUM
793121,"Mawphlang S.O","EAST KHASI HILLS","MEGHALAYA",25.5739167,91.8848611,71,79312*,MEDIUM
585329,"Hoodgi S.O","BIDAR","KARNATAKA",17.76205556,77.17922222,71,58532*,MEDIUM
581212,"Tadas S.O","HAVERI","KARNATAKA",15.1286971,75.126582,71,58121*,MEDIUM
581396,"Kadra S.O","UTTARA KANNADA","KARNATAKA",14.9165695,74.3489515,71,5813*,MEDIUM
794116,"HALLIDAYGANJ SO","NA","NA",25.7307359884,89.8968546857,71,79411*,MEDIUM
571190,"SERA THEKCHENLING","MYSURU","KARNATAKA",12.41686,75.95246,71,5711*,MEDIUM
284305,"Parichha Thermal Power Project SO","JHANSI","UTTAR PRADESH",25.3043,78.4454,71,28430*,MEDIUM
232114,"Chahania S.O.","VARANASI","UTTAR PRADESH",25.31877,83.01285,71,23211*,MEDIUM
125103,"Goriwala SO","SIRSA","HARYANA",29.78325,74.7477222,71,12510*,MEDIUM
480880,"Korai S.O","SEONI","MADHYA PRADESH",22.9734,78.6568,70,480*,MEDIUM
766110,"Narla Road S.O","KALAHANDI","ODISHA",20.0435935,83.3738871,70,76611*,MEDIUM
421502,"O.E.Ambernath S.O","THANE","MAHARASHTRA",19.2148611,73.1837222,70,42150*,MEDIUM
799260,"Panisagar S.O","North Tripura","TRIPURA",24.151,92.857,70,79926*,MEDIUM
833223,"Meghahatuburu SO","WEST SINGHBHUM","JHARKHAND",22.10796,85.28954,70,83322*,MEDIUM
480886,"Lakhnadon S.O","SEONI","MADHYA PRADESH",22.9734,78.6568,70,480*,MEDIUM
721463,"Digha New Township SO","MEDINIPUR EAST","WEST BENGAL",21.621445,87.507221,70,72146*,MEDIUM
711304,"Banipur SO Howrah","HOWRAH","WEST BENGAL",22.5816944,88.3371944,70,71130*,MEDIUM
711306,"Kulgachia SO","HOWRAH","WEST BENGAL",22.5816944,88.3371944,70,71130*,MEDIUM
766100,"Narla S.O","KALAHANDI","ODISHA",20.0578539,83.3824072,70,76610*,MEDIUM
711308,"Chengail SO","HOWRAH","WEST BENGAL",22.5816944,88.3371944,70,71130*,MEDIUM
757054,"Bahalda Rd RS S.O","MAYURBHANJ","ODISHA",22.33385,86.0927,70,75705*,MEDIUM
227817,"Jagdishpur Industrial Area SO","Amethi","UTTAR PRADESH",26.4796667,81.5690833,70,22781*,MEDIUM
670503,"Kannur Government Medical College SO","KANNUR","KERALA",12.070681,75.293461,69,67050*,MEDIUM
421506,"Additional Ambernath S.O","THANE","MAHARASHTRA",19.1881944,73.1914444,69,42150*,MEDIUM
571811,"Chunchanahalli S.O","MANDYA","KARNATAKA",13.02,76.74,69,571*,MEDIUM
600093,"Saligramam S.O","CHENNAI","TAMIL NADU",13.0425556,80.2063889,69,60009*,MEDIUM
181134,"AIIMS Vijaypur","JAMMU","JAMMU AND KASHMIR",32.564468,75.0356005,69,18113*,MEDIUM
629102,"Kodayarkilthangal S.O","KANNIYAKUMARI","TAMIL NADU",8.5160556,77.3161111,69,6291*,MEDIUM
470124,"Bina BPCL Refinery S.O","SAGAR","MADHYA PRADESH",24.220595,78.15099,68,47012*,MEDIUM
415614,"Jaigad S.O","RATNAGIRI","MAHARASHTRA",17.294072,73.219234,68,41561*,MEDIUM
134114,"Mansa  Devi Sec 5 S.O","PANCHKULA","HARYANA",30.7212222,76.8525833,68,13411*,MEDIUM
585446,"Dadgi SO","BIDAR","KARNATAKA",18.0451,77.2284,68,5854*,MEDIUM
509207,"Kondurgu S.O","RANGA REDDY","TELANGANA",17.0975278,78.0379722,68,50920*,MEDIUM
786622,"Namrup Thermal Power Station S.O","DIBRUGARH","ASSAM",27.2827,94.5612,68,78662*,MEDIUM
757093,"Joka S.O (Mayurbhanj)","MAYURBHANJ","ODISHA",21.9380556,86.7261111,68,75709*,MEDIUM
643233,"Pandalur S.O","THE NILGIRIS","TAMIL NADU",11.4,76.1,68,64323*,MEDIUM
854305,"Khuskibagh SO","PURNIA","BIHAR",25.780732,87.51238,68,85430*,MEDIUM
600092,"Virugambakkam S.O","CHENNAI","TAMIL NADU",13.05025,80.1943611,68,60009*,MEDIUM
416526,"Koulage S.O","KOLHAPUR","MAHARASHTRA",16.1829848,74.2846565,67,41652*,MEDIUM
825405,"Barhi SO Hazaribag","HAZARIBAGH","JHARKHAND",23.9926667,85.366,67,82540*,MEDIUM
342310,"Nokh SO","JAISALMER","RAJASTHAN",27.563571,72.255207,67,34231*,MEDIUM
571439,"Hanur S.O","CHAMARAJANAGARA","KARNATAKA",12.08980556,77.30216667,67,57143*,MEDIUM
415213,"Chimbhave SO","RAIGAD","MAHARASHTRA",18.0432403,73.2940052,67,41521*,MEDIUM
345027,"Fatehgarh SO","JAISALMER","RAJASTHAN",26.496124,71.20421,67,34502*,MEDIUM
509325,"Palmakole S.O","RANGA REDDY","TELANGANA",17.1374167,78.3199167,67,50932*,MEDIUM
233233,"Khardiha SO","GHAZIPUR","UTTAR PRADESH",25.6489722,83.8842222,67,2332*,MEDIUM
507111,"Bhadrachalam H.O","BHADRADRI KOTHAGUDEM","TELANGANA",17.6666389,80.8870833,67,50711*,MEDIUM
480882,"Bandol S.O","SEONI","MADHYA PRADESH",22.2233,79.5364,67,480*,MEDIUM
757042,"Gorumahisani S.O","MAYURBHANJ","ODISHA",22.33538,86.2729,67,75704*,MEDIUM
741139,"Dhubulia SO","NADIA","WEST BENGAL",23.482057,88.448756,67,74113*,MEDIUM
521231,"JNNURM Colony S.O","NTR","ANDHRA PRADESH",16.31,80.39,66,52123*,MEDIUM
854302,"Purnea City SO","PURNIA","BIHAR",25.77748,87.495059,66,85430*,MEDIUM
303003,"Med SO","JAIPUR","RAJASTHAN",27.4328056,76.2370556,66,30300*,MEDIUM
400193,"NDC Chakala MIDC","NA","NA",19.658886,72.515018556,66,4001*,MEDIUM
509357,"Midjil S.O","MAHABUBNAGAR","TELANGANA",16.7434167,78.3229167,66,50935*,MEDIUM
851121,"Barkhunt S.O","BEGUSARAI","BIHAR",25.35217,85.472256,66,85112*,MEDIUM
342301,"Phalodi SO","JODHPUR","RAJASTHAN",27.1236111,72.3769444,66,34230*,MEDIUM
249136,"Gangotri Seasonal SO","UTTAR KASHI","UTTARAKHAND",30.9947,78.9398,65,24913*,MEDIUM
516267,"Galiveedu S.O","Y.S.R.","ANDHRA PRADESH",14.0213333,78.5467778,65,5162*,MEDIUM
341301,"Bari Khatu S.O","NAGAUR","RAJASTHAN",27.639,73.9915,65,34130*,MEDIUM
122508,"Punhana SO","NUH","HARYANA",27.8635,77.2030833,65,12250*,MEDIUM
783136,"Hatsingimari  S.O","SOUTH SALMARA MANCACHAR","ASSAM",25.431379,89.54179,65,78313*,MEDIUM
571807,"Kirangoor S.O","MANDYA","KARNATAKA",12.43,76.7,65,571*,MEDIUM
341030,"Tarnau S.O","NAGAUR","RAJASTHAN",27.1414444,74.12625,64,34103*,MEDIUM
171223,"Arhal SO","SHIMLA","HIMACHAL PRADESH",31.2086944,77.7001111,64,17122*,MEDIUM
342308,"Khichan SO","JODHPUR","RAJASTHAN",27.1343889,72.4146111,64,34230*,MEDIUM
509202,"Balanagar S.O","MAHABUBNAGAR","TELANGANA",16.9491389,78.1829722,64,50920*,MEDIUM
134117,"Sector 20 Panchkula S.O","PANCHKULA","HARYANA",30.6691944,76.8578611,64,13411*,MEDIUM
480887,"Adegaon S.O","SEONI","MADHYA PRADESH",22.6163,79.47,63,480*,MEDIUM
413625,"Itkur S.O","OSMANABAD","MAHARASHTRA",18.561451,75.912161,63,41362*,MEDIUM
799102,"Bishalgarh S.O","Sepahijala","TRIPURA",23.67402778,91.28225,63,7991*,MEDIUM
799210,"Kamalghat S.O","West Tripura","TRIPURA",23.929796,91.336714,63,7992*,MEDIUM
757046,"Bahalda S.O","MAYURBHANJ","ODISHA",22.19186,86.1104,63,75704*,MEDIUM
760011,"AMBAPUA SO","GANJAM","ODISHA",19.865671,84.649809,63,7600*,MEDIUM
583215,"Hampi Power House S.O","VIJAYNAGAR","KARNATAKA",15.3101099,76.4947268,63,58321*,MEDIUM
509209,"Nagarkurnool S.O","NAGARKURNOOL","TELANGANA",16.4854722,78.3159444,63,50920*,MEDIUM
518442,"Pamulapadu S.O","Nandyal","ANDHRA PRADESH",15.83913889,78.49272222,63,5184*,MEDIUM
140407,"Fatehgarh Sahib SO","FATEHGARH SAHIB","PUNJAB",30.648067,76.392631,62,14040*,MEDIUM
284136,"Matatila SO","LALITPUR","UTTAR PRADESH",25.0344,78.2304,62,2841*,MEDIUM
799132,"Kathalia S.O","Sepahijala","TRIPURA",23.3825,91.3517,62,7991*,MEDIUM
581365,"Ganeshgudi S.O","UTTARA KANNADA","KARNATAKA",15.1,74.29,62,58136*,MEDIUM
522301,"Anantavaram S.O","Bapatla","ANDHRA PRADESH",16.02644444,80.16291667,62,52230*,MEDIUM
457111,"Shivgarh S.O","NA","NA",23.33,75.03,62,45711*,MEDIUM
722183,"Mejia Th Power Station SO","BANKURA","WEST BENGAL",23.51917,87.39389,62,7221*,MEDIUM
171218,"Junga SO","SHIMLA","HIMACHAL PRADESH",31.0238333,77.1908333,62,17121*,MEDIUM
457993,"Ranapur S.O","JHABUA","MADHYA PRADESH",22.6486,74.5214,62,457*,MEDIUM
766020,"Biswanathpur S.O","KALAHANDI","ODISHA",19.824015,83.4286033,62,76602*,MEDIUM
497773,"West Chirimiri SO","KOREA","CHHATTISGARH",23.352195,82.352195,61,49777*,MEDIUM
799115,"Melaghar S.O","Sepahijala","TRIPURA",23.49172222,91.32958333,61,7991*,MEDIUM
134116,"Sector 26 Panchkula S.O","PANCHKULA","HARYANA",30.565659,76.937756,61,13411*,MEDIUM
516115,"Rajampet H.O","Y.S.R.","ANDHRA PRADESH",14.197575,79.16001,61,5161*,MEDIUM
571418,"Bellur S.O","MANDYA","KARNATAKA",12.98,76.73,61,5714*,MEDIUM
766101,"Rupra Road S.O","KALAHANDI","ODISHA",20.1442883,83.34568,61,76610*,MEDIUM
345031,"Lathi SO Jaisalmer","JAISALMER","RAJASTHAN",27.035847,71.517216,60,3450*,MEDIUM
515311,"Agali S.O (Ananthapur)","Sri Sathya Sai","ANDHRA PRADESH",14.6756,77.586,60,515*,MEDIUM
312622,"Adityapuram S.O","CHITTORGARH","RAJASTHAN",24.756,74.6062778,60,31262*,MEDIUM
522264,"Chodayapalem S.O","Bapatla","ANDHRA PRADESH",15.93605556,80.88272222,60,5222*,MEDIUM
752089,"Banigochha S.O","NAYAGARH","ODISHA",20.4008,84.58641,60,75208*,MEDIUM
274403,"KUSHINAGAR SO","KUSHI NAGAR","UTTAR PRADESH",26.21,83.26,60,27440*,MEDIUM
133301,"B.C.W. Suraj Pur S.O","PANCHKULA","HARYANA",30.7742777,76.8948333,60,133*,MEDIUM
757092,"Kusumbandi S.O","MAYURBHANJ","ODISHA",22.535251,86.0383,59,75709*,MEDIUM
585330,"Humnabad S.O","BIDAR","KARNATAKA",17.76988889,77.12961111,59,5853*,MEDIUM
509349,"Vangoor S.O","NAGARKURNOOL","TELANGANA",16.6092222,78.62425,59,50934*,MEDIUM
533577,"Vilasa S.O","Konaseema","ANDHRA PRADESH",16.63136111,82.02533333,59,533*,MEDIUM
509408,"Keshampet S.O","RANGA REDDY","TELANGANA",16.3615,78.197,59,50940*,MEDIUM
125060,"Sikander Pur SO","SIRSA","HARYANA",29.5457222,75.1141111,59,1250*,MEDIUM
689597,"Thuruthicaud SO","PATHANAMTHITTA","KERALA",9.94,76.26,59,68959*,MEDIUM
324009,"Dadabari Kota S.O","KOTA","RAJASTHAN",24.632217,75.89043,59,32400*,MEDIUM
757086,"Jharpokharia S.O","MAYURBHANJ","ODISHA",22.25001,86.4839,58,75708*,MEDIUM
151203,"Faridkot HO","FARIDKOT","PUNJAB",30.683489,74.760401,58,15120*,MEDIUM
583276,"K U Campus S.O","VIJAYNAGAR","KARNATAKA",15.2858056,76.4909444,58,58327*,MEDIUM
416527,"Tillarinagar S.O","KOLHAPUR","MAHARASHTRA",15.810374,74.19737,58,41652*,MEDIUM
822125,"Ranka Raj SO","GARHWA","JHARKHAND",24.1248,83.9141,58,82212*,MEDIUM
571445,"Devalapura S.O (Mandya)","MANDYA","KARNATAKA",12.82,76.87,57,57144*,MEDIUM
461228,"Timarni S.O","HARDA","MADHYA PRADESH",22.3671111,77.2211389,57,461*,MEDIUM
517213,"Gyarampalle kothapalle S.O","CHITTOOR","ANDHRA PRADESH",13.7349722,78.8490833,57,5172*,MEDIUM
800015,"Patna Sectt SO","PATNA","BIHAR",25.582278,85.043628,57,80001*,MEDIUM
416429,"Madgyal SO","SANGLI","MAHARASHTRA",17.130269,75.412241,57,4164*,MEDIUM
395017,"Althan SO","SURAT","GUJARAT",21.6305,72.4818,57,39501*,MEDIUM
487118,"Gotegaon S.O","NARSINGHPUR","MADHYA PRADESH",23.0645556,79.4834444,57,487*,MEDIUM
791111,"Itanagar H.O","PAPUM PARE","ARUNACHAL PRADESH",27.09902778,93.62633333,57,79111*,MEDIUM
441124,"Khapari SO","NA","NA",21.0502704,79.0578503,57,4411*,MEDIUM
757050,"Hatbadra S.O","MAYURBHANJ","ODISHA",22.18858,86.1499,57,75705*,MEDIUM
533220,"Kesanakurrupalem S.O","Konaseema","ANDHRA PRADESH",16.62125,82.18055556,56,5332*,MEDIUM
742402,"Talibpur SO","MURSHIDABAD","WEST BENGAL",24.30875,88.2382277,56,74240*,MEDIUM
783130,"Rangjuli S.O","GOALPARA","ASSAM",25.5807,90.5607,56,78313*,MEDIUM
335703,"Ramsinghpur S.O","GANGANAGAR","RAJASTHAN",29.0726667,73.1153333,56,33570*,MEDIUM
122104,"Ferozepur Jhirka SO","NUH","HARYANA",27.7781944,76.9451944,55,12210*,MEDIUM
224239,"Indaipur S.O","AMBEDKAR NAGAR","UTTAR PRADESH",26.462591,82.844075,55,22423*,MEDIUM
516270,"Masapet Bazar S.O","Y.S.R.","ANDHRA PRADESH",14.0707778,78.7523611,55,5162*,MEDIUM
323601,"Kesoraipatan S.O","BUNDI","RAJASTHAN",25.2997778,75.9351944,55,32360*,MEDIUM
711305,"Bauria SO","HOWRAH","WEST BENGAL",22.5004722,88.1725833,55,71130*,MEDIUM
516269,"Rayachoti S.O","Y.S.R.","ANDHRA PRADESH",14.0684212,78.7527913,55,5162*,MEDIUM
533219,"Muramalla S.O","Konaseema","ANDHRA PRADESH",16.6733113,82.1644735,55,53321*,MEDIUM
560033,"Maruthi Sevanagar S.O","BENGALURU URBAN","KARNATAKA",13.0079444,77.1098333,55,56003*,MEDIUM
416552,"DSF Halkarni S.O","KOLHAPUR","MAHARASHTRA",15.54355,74.17293,55,4165*,MEDIUM
766027,"Lanjigarh S.O","KALAHANDI","ODISHA",19.70976,83.3637983,54,76602*,MEDIUM
606811,"Thachampattu SO","TIRUVANNAMALAI","TAMIL NADU",12.2351944,79.0765833,54,6068*,MEDIUM
632057,"Munjurpattu S.O","VELLORE","TAMIL NADU",13.3770833,79.2962778,54,63205*,MEDIUM
515281,"Amarapuram S.O","Sri Sathya Sai","ANDHRA PRADESH",14.13111111,76.97713889,54,5152*,MEDIUM
518412,"Prathakota S.O","Nandyal","ANDHRA PRADESH",15.91530556,78.36997222,54,5184*,MEDIUM
670501,"Mandurkannur SO","KANNUR","KERALA",11.874535,75.37019,54,67050*,MEDIUM
136038,"Amin S.O","KURUKSHETRA","HARYANA",29.5702778,76.8703056,54,13603*,MEDIUM
507103,"Penagadapa B.O","BHADRADRI KOTHAGUDEM","TELANGANA",17.4543114,80.6493296,54,5071*,MEDIUM
757047,"Badampahar S.O","MAYURBHANJ","ODISHA",22.09397,86.1163,54,75704*,MEDIUM
757048,"Bijatala S.O","MAYURBHANJ","ODISHA",22.21421,86.2876,54,75704*,MEDIUM
759037,"Samal Barrage Township S.O","ANUGUL","ODISHA",20.8406389,85.0965556,54,75903*,MEDIUM
581347,"Manchikeri S.O","UTTARA KANNADA","KARNATAKA",14.85694444,74.81725,54,58134*,MEDIUM
517536,"Akkurthi S.O","Tirupati","ANDHRA PRADESH",13.8668889,79.7199167,53,5175*,MEDIUM
822117,"Japla C F SO","PALAMU","JHARKHAND",24.3612,83.8912,53,82211*,MEDIUM
800012,"DIGHA S.O","PATNA","BIHAR",25.650327,85.097355,53,80001*,MEDIUM
571423,"Kikkeri S.O","MANDYA","KARNATAKA",12.76,76.43,53,57142*,MEDIUM
571444,"Ramapuram Ghat S.O","CHAMARAJANAGARA","KARNATAKA",12.00411111,77.39308333,53,57144*,MEDIUM
533221,"Bandarlanka S.O","Konaseema","ANDHRA PRADESH",16.58197222,81.96205556,53,5332*,MEDIUM
799105,"Kakraban S.O","Gomati","TRIPURA",23.292,91.2548,53,7991*,MEDIUM
331504,"Gogasar S.O","CHURU","RAJASTHAN",28.3027222,74.9670833,53,3315*,MEDIUM
171015,"Baldeyan SO","SHIMLA","HIMACHAL PRADESH",31.1669,77.1746,52,17101*,MEDIUM
331505,"Parihara S.O (Churu)","CHURU","RAJASTHAN",28.2902778,74.9613889,52,3315*,MEDIUM
571802,"Bindiganavile S.O","MANDYA","KARNATAKA",12.88,76.63,52,571*,MEDIUM
741159,"Taherpur SO","NADIA","WEST BENGAL",23.2593333,88.5421667,52,74115*,MEDIUM
331518,"Lalgarh S.O (Churu)","CHURU","RAJASTHAN",28.2902778,74.9613889,52,3315*,MEDIUM
509203,"Bijnapally S.O","NAGARKURNOOL","TELANGANA",16.5300556,78.2254444,52,50920*,MEDIUM
461551,"Tawa Nagar S.O","HOSHANGABAD","MADHYA PRADESH",22.75021,77.24593,52,461*,MEDIUM
515159,"Krishnapuram S.O (Ananthapur)","Sri Sathya Sai","ANDHRA PRADESH",14.6756,77.586,52,5151*,MEDIUM
335522,"PALLU S.O","HANUMANGARH","RAJASTHAN",28.930703,74.209623,52,33552*,MEDIUM
713376,"Dhandadihi SO","PASCHIM BARDHAMAN","WEST BENGAL",23.4178,86.653368,52,71337*,MEDIUM
814115,"Hindipith SO","DEOGHAR","JHARKHAND",24.490417,86.690601,51,81411*,MEDIUM
814116,"Satsang SO","DEOGHAR","JHARKHAND",24.490417,86.690601,51,81411*,MEDIUM
416417,"Kavathe Piran S.O","SANGLI","MAHARASHTRA",16.8794792,74.4632958,51,41641*,MEDIUM
509385,"Thelkapally S.O","NAGARKURNOOL","TELANGANA",16.4426667,78.4605833,51,50938*,MEDIUM
518553,"Chagalamarri S.O","Nandyal","ANDHRA PRADESH",14.9623333,78.5831944,51,5185*,MEDIUM
800010,"Sadaquat Ashram SO","PATNA","BIHAR",25.633112,85.113811,51,80001*,MEDIUM
571109,"Begur S.O","CHAMARAJANAGARA","KARNATAKA",11.93136111,76.67022222,51,57110*,MEDIUM
201318,"Sec 01 Greater Noida SO","GAUTAM BUDDHA NAGAR","UTTAR PRADESH",28.6681111,77.4284722,51,20131*,MEDIUM
457770,"Bamnia S.O","JHABUA","MADHYA PRADESH",23.3,75,51,45777*,MEDIUM
762018,"Ghantapada S.O","BOUDH","ODISHA",20.5476833,83.6678083,51,76201*,MEDIUM
722176,"Narrah S.O.","BANKURA","WEST BENGAL",23.258282,87.137811,51,72217*,MEDIUM
507119,"Rudrampur S.O","BHADRADRI KOTHAGUDEM","TELANGANA",17.4844167,80.6514167,51,50711*,MEDIUM
487555,"Kaudia S.O","NARSINGHPUR","MADHYA PRADESH",22.90474,79.45874,51,487*,MEDIUM
625556,"C.Pudupatti S.O","THENI","TAMIL NADU",9.482916,77.580447,51,6255*,MEDIUM
759111,"Jindal Nagar S.O","ANUGUL","ODISHA",20.8406389,85.0965556,50,75911*,MEDIUM
845441,"Kotwa SO","PURBI CHAMPARAN","BIHAR",26.519492,84.842516,50,84544*,MEDIUM
509410,"Mogalgidda S.O","RANGA REDDY","TELANGANA",17.0873056,78.1233889,50,50941*,MEDIUM
244717,"SM Nadehi SO","UDAM SINGH NAGAR","UTTARAKHAND",29.124,78.5624,50,24471*,MEDIUM
